spa-30-09610093-n	ili-30-09610093-n	coadjutor
spa-30-09616922-n	ili-30-09616922-n	animador
spa-30-09616922-n	ili-30-09616922-n	artista
spa-30-09616922-n	ili-30-09616922-n	humorista
spa-30-09618880-n	ili-30-09618880-n	ex presidente
spa-30-09618880-n	ili-30-09618880-n	expresidente
spa-30-09619605-n	ili-30-09619605-n	repasador
spa-30-09632518-n	ili-30-09632518-n	trabajador
spa-30-09754907-n	ili-30-09754907-n	abreviador
spa-30-09754907-n	ili-30-09754907-n	abridger
spa-30-09754907-n	ili-30-09754907-n	compendiador
spa-30-09757175-n	ili-30-09757175-n	abortista
spa-30-09759069-n	ili-30-09759069-n	académica
spa-30-09759069-n	ili-30-09759069-n	académico
spa-30-09759069-n	ili-30-09759069-n	docente
spa-30-09759069-n	ili-30-09759069-n	lector
spa-30-09759069-n	ili-30-09759069-n	lectora
spa-30-09759069-n	ili-30-09759069-n	profesor
spa-30-09759069-n	ili-30-09759069-n	profesora
spa-30-09760609-n	ili-30-09760609-n	acompañante
spa-30-09760609-n	ili-30-09760609-n	persona de compañía
spa-30-09760913-n	ili-30-09760913-n	accompanyist
spa-30-09760913-n	ili-30-09760913-n	acompañante
spa-30-09761068-n	ili-30-09761068-n	cómplice
spa-30-09761310-n	ili-30-09761310-n	acordeonista
spa-30-09762011-n	ili-30-09762011-n	acusado
spa-30-09762101-n	ili-30-09762101-n	acusada
spa-30-09762101-n	ili-30-09762101-n	acusado
spa-30-09762101-n	ili-30-09762101-n	defendido
spa-30-09762101-n	ili-30-09762101-n	demandado
spa-30-09762101-n	ili-30-09762101-n	procesado
spa-30-09762101-n	ili-30-09762101-n	querellado
spa-30-09763349-n	ili-30-09763349-n	acólito
spa-30-09763349-n	ili-30-09763349-n	misario
spa-30-09765278-n	ili-30-09765278-n	actor
spa-30-09765278-n	ili-30-09765278-n	actor dramático
spa-30-09765278-n	ili-30-09765278-n	actriz
spa-30-09765278-n	ili-30-09765278-n	actuación
spa-30-09765278-n	ili-30-09765278-n	artista
spa-30-09765278-n	ili-30-09765278-n	comediante
spa-30-09765278-n	ili-30-09765278-n	ejecutor teatral
spa-30-09765278-n	ili-30-09765278-n	histrionista
spa-30-09765278-n	ili-30-09765278-n	histrión
spa-30-09765278-n	ili-30-09765278-n	intérprete
spa-30-09767700-n	ili-30-09767700-n	actriz
spa-30-09770179-n	ili-30-09770179-n	aide-de-camp
spa-30-09770179-n	ili-30-09770179-n	ayudante
spa-30-09770179-n	ili-30-09770179-n	ayudante de campo
spa-30-09770179-n	ili-30-09770179-n	edecan
spa-30-09770179-n	ili-30-09770179-n	edecán
spa-30-09770472-n	ili-30-09770472-n	administrador
spa-30-09770472-n	ili-30-09770472-n	ejecutivo
spa-30-09770949-n	ili-30-09770949-n	administrador
spa-30-09770949-n	ili-30-09770949-n	administradora
spa-30-09771204-n	ili-30-09771204-n	almirante
spa-30-09775663-n	ili-30-09775663-n	abogado
spa-30-09775663-n	ili-30-09775663-n	abogado defensor
spa-30-09775663-n	ili-30-09775663-n	consejero
spa-30-09779623-n	ili-30-09779623-n	agricultor
spa-30-09780249-n	ili-30-09780249-n	auxiliar
spa-30-09780249-n	ili-30-09780249-n	ayudante
spa-30-09780828-n	ili-30-09780828-n	comandante
spa-30-09781804-n	ili-30-09781804-n	alcalde
spa-30-09783653-n	ili-30-09783653-n	alienista
spa-30-09784306-n	ili-30-09784306-n	alergista
spa-30-09784306-n	ili-30-09784306-n	alergólogo
spa-30-09785236-n	ili-30-09785236-n	limosnero
spa-30-09785891-n	ili-30-09785891-n	monacillo
spa-30-09785891-n	ili-30-09785891-n	monaguillo
spa-30-09786115-n	ili-30-09786115-n	alto
spa-30-09786115-n	ili-30-09786115-n	contralto
spa-30-09787534-n	ili-30-09787534-n	embajador
spa-30-09787534-n	ili-30-09787534-n	embajadora
spa-30-09787878-n	ili-30-09787878-n	embajadora
spa-30-09787955-n	ili-30-09787955-n	cazador de ambulancias
spa-30-09790278-n	ili-30-09790278-n	analista
spa-30-09790278-n	ili-30-09790278-n	psicoanalista
spa-30-09790278-n	ili-30-09790278-n	sicoanalista
spa-30-09793495-n	ili-30-09793495-n	anestesiador
spa-30-09793495-n	ili-30-09793495-n	anestesista
spa-30-09793495-n	ili-30-09793495-n	anestesiólogo
spa-30-09793946-n	ili-30-09793946-n	pescador
spa-30-09793946-n	ili-30-09793946-n	pescador de caña
spa-30-09793946-n	ili-30-09793946-n	pescadora
spa-30-09794550-n	ili-30-09794550-n	animador
spa-30-09796062-n	ili-30-09796062-n	antologista
spa-30-09800056-n	ili-30-09800056-n	apparatchik
spa-30-09800469-n	ili-30-09800469-n	apelante
spa-30-09800469-n	ili-30-09800469-n	demandante
spa-30-09800469-n	ili-30-09800469-n	demandante en casación
spa-30-09800469-n	ili-30-09800469-n	recurrente
spa-30-09800964-n	ili-30-09800964-n	persona nombrada
spa-30-09801371-n	ili-30-09801371-n	oceanaut
spa-30-09808686-n	ili-30-09808686-n	portador de armas
spa-30-09808794-n	ili-30-09808794-n	armero
spa-30-09808794-n	ili-30-09808794-n	artificiero
spa-30-09808949-n	ili-30-09808949-n	armero
spa-30-09809749-n	ili-30-09809749-n	militar
spa-30-09809749-n	ili-30-09809749-n	oficial de ejército
spa-30-09809749-n	ili-30-09809749-n	oficial del ejército
spa-30-09810633-n	ili-30-09810633-n	flechera
spa-30-09810633-n	ili-30-09810633-n	flechero
spa-30-09811852-n	ili-30-09811852-n	ametrallador
spa-30-09811852-n	ili-30-09811852-n	artillero
spa-30-09811852-n	ili-30-09811852-n	cañonero
spa-30-09811852-n	ili-30-09811852-n	servidor
spa-30-09813126-n	ili-30-09813126-n	artista
spa-30-09813441-n	ili-30-09813441-n	profesor de arte
spa-30-09815677-n	ili-30-09815677-n	cedente
spa-30-09815790-n	ili-30-09815790-n	asistente
spa-30-09815790-n	ili-30-09815790-n	auxiliar
spa-30-09815790-n	ili-30-09815790-n	ayudante
spa-30-09816654-n	ili-30-09816654-n	agregado
spa-30-09816654-n	ili-30-09816654-n	profesor agregado
spa-30-09817386-n	ili-30-09817386-n	profesor asociado
spa-30-09817694-n	ili-30-09817694-n	astrogador
spa-30-09821831-n	ili-30-09821831-n	ajudant
spa-30-09821831-n	ili-30-09821831-n	asistente
spa-30-09821831-n	ili-30-09821831-n	ayudante
spa-30-09821831-n	ili-30-09821831-n	camarero
spa-30-09821831-n	ili-30-09821831-n	encargado
spa-30-09821831-n	ili-30-09821831-n	sirviente
spa-30-09824065-n	ili-30-09824065-n	autora
spa-30-09824065-n	ili-30-09824065-n	escritora
spa-30-09825296-n	ili-30-09825296-n	autobiógrafo
spa-30-09825750-n	ili-30-09825750-n	mecánico
spa-30-09826204-n	ili-30-09826204-n	aeronauta
spa-30-09826204-n	ili-30-09826204-n	aviador
spa-30-09826204-n	ili-30-09826204-n	aviadora
spa-30-09826204-n	ili-30-09826204-n	piloto
spa-30-09826204-n	ili-30-09826204-n	piloto de aviación
spa-30-09826605-n	ili-30-09826605-n	airwoman
spa-30-09826605-n	ili-30-09826605-n	aviadora
spa-30-09826605-n	ili-30-09826605-n	aviatress
spa-30-09826821-n	ili-30-09826821-n	ayah
spa-30-09826821-n	ili-30-09826821-n	ayo
spa-30-09828760-n	ili-30-09828760-n	pediatra
spa-30-09832538-n	ili-30-09832538-n	maletero
spa-30-09832873-n	ili-30-09832873-n	bahaí
spa-30-09833111-n	ili-30-09833111-n	alguacil
spa-30-09833111-n	ili-30-09833111-n	esbirro
spa-30-09833536-n	ili-30-09833536-n	fabricante de pan
spa-30-09833536-n	ili-30-09833536-n	panadero
spa-30-09834592-n	ili-30-09834592-n	bailarina
spa-30-09834592-n	ili-30-09834592-n	ballerina
spa-30-09834699-n	ili-30-09834699-n	bailarín
spa-30-09835348-n	ili-30-09835348-n	aeronauta
spa-30-09835348-n	ili-30-09835348-n	aeronauta de globo
spa-30-09835348-n	ili-30-09835348-n	aeróstata
spa-30-09835348-n	ili-30-09835348-n	ascensionista
spa-30-09838895-n	ili-30-09838895-n	barbero
spa-30-09838895-n	ili-30-09838895-n	peluquero
spa-30-09839022-n	ili-30-09839022-n	bardo
spa-30-09839022-n	ili-30-09839022-n	poeta
spa-30-09839022-n	ili-30-09839022-n	trovador
spa-30-09839022-n	ili-30-09839022-n	vate
spa-30-09839436-n	ili-30-09839436-n	barítono
spa-30-09839702-n	ili-30-09839702-n	barmaid
spa-30-09839702-n	ili-30-09839702-n	bartender
spa-30-09839702-n	ili-30-09839702-n	barwoman
spa-30-09839702-n	ili-30-09839702-n	camarera
spa-30-09839702-n	ili-30-09839702-n	tabernera
spa-30-09839860-n	ili-30-09839860-n	stunt pilot
spa-30-09840963-n	ili-30-09840963-n	abogado
spa-30-09840963-n	ili-30-09840963-n	barrister
spa-30-09840963-n	ili-30-09840963-n	legalista
spa-30-09841188-n	ili-30-09841188-n	barman
spa-30-09841188-n	ili-30-09841188-n	camarera
spa-30-09841188-n	ili-30-09841188-n	camarero
spa-30-09841188-n	ili-30-09841188-n	cantinero
spa-30-09841188-n	ili-30-09841188-n	mixologist
spa-30-09842528-n	ili-30-09842528-n	bajo
spa-30-09842629-n	ili-30-09842629-n	bajista
spa-30-09842716-n	ili-30-09842716-n	bajonista
spa-30-09842716-n	ili-30-09842716-n	bajón
spa-30-09842716-n	ili-30-09842716-n	fagot
spa-30-09842716-n	ili-30-09842716-n	fagotista
spa-30-09843824-n	ili-30-09843824-n	bastonero
spa-30-09843824-n	ili-30-09843824-n	batonista
spa-30-09843824-n	ili-30-09843824-n	rotador
spa-30-09844770-n	ili-30-09844770-n	bedel
spa-30-09845016-n	ili-30-09845016-n	bean counter
spa-30-09845999-n	ili-30-09845999-n	cosmetólogo
spa-30-09845999-n	ili-30-09845999-n	esteticien
spa-30-09845999-n	ili-30-09845999-n	esteticista
spa-30-09845999-n	ili-30-09845999-n	esteticién
spa-30-09848775-n	ili-30-09848775-n	botones
spa-30-09848775-n	ili-30-09848775-n	fajín
spa-30-09848775-n	ili-30-09848775-n	mozo
spa-30-09849167-n	ili-30-09849167-n	campanero
spa-30-09851465-n	ili-30-09851465-n	padrino
spa-30-09851465-n	ili-30-09851465-n	padrino de boda
spa-30-09855433-n	ili-30-09855433-n	biógrafa
spa-30-09855433-n	ili-30-09855433-n	biógrafo
spa-30-09859152-n	ili-30-09859152-n	herrador
spa-30-09859152-n	ili-30-09859152-n	herrera
spa-30-09859152-n	ili-30-09859152-n	herrero
spa-30-09859557-n	ili-30-09859557-n	barrenero
spa-30-09859557-n	ili-30-09859557-n	pegador
spa-30-09859684-n	ili-30-09859684-n	blanqueador
spa-30-09861395-n	ili-30-09861395-n	guardia marina
spa-30-09861395-n	ili-30-09861395-n	marinero
spa-30-09861395-n	ili-30-09861395-n	marino
spa-30-09861395-n	ili-30-09861395-n	navegante
spa-30-09861946-n	ili-30-09861946-n	balsero
spa-30-09861946-n	ili-30-09861946-n	barquero
spa-30-09862183-n	ili-30-09862183-n	bo's'n
spa-30-09862183-n	ili-30-09862183-n	contramaestre
spa-30-09863238-n	ili-30-09863238-n	ayuda de cámara
spa-30-09863238-n	ili-30-09863238-n	criado
spa-30-09863238-n	ili-30-09863238-n	sirviente
spa-30-09863238-n	ili-30-09863238-n	valet
spa-30-09865547-n	ili-30-09865547-n	ensalmador
spa-30-09865672-n	ili-30-09865672-n	librero
spa-30-09865744-n	ili-30-09865744-n	encuadernador
spa-30-09872285-n	ili-30-09872285-n	bracero
spa-30-09873135-n	ili-30-09873135-n	guardafrenos
spa-30-09873242-n	ili-30-09873242-n	alto mando
spa-30-09873242-n	ili-30-09873242-n	espadón
spa-30-09873473-n	ili-30-09873473-n	cabeza de familia
spa-30-09874518-n	ili-30-09874518-n	alarife
spa-30-09874518-n	ili-30-09874518-n	albañil
spa-30-09874862-n	ili-30-09874862-n	dama de honor
spa-30-09874862-n	ili-30-09874862-n	madrina
spa-30-09875540-n	ili-30-09875540-n	brigadier
spa-30-09875540-n	ili-30-09875540-n	general de brigada
spa-30-09878179-n	ili-30-09878179-n	corneta
spa-30-09878179-n	ili-30-09878179-n	cornetista
spa-30-09880189-n	ili-30-09880189-n	conejita
spa-30-09880189-n	ili-30-09880189-n	conejo
spa-30-09880427-n	ili-30-09880427-n	burócrata
spa-30-09883174-n	ili-30-09883174-n	músico callejero
spa-30-09883630-n	ili-30-09883630-n	bronco buster
spa-30-09883630-n	ili-30-09883630-n	domador de potros
spa-30-09884133-n	ili-30-09884133-n	carnicero
spa-30-09884133-n	ili-30-09884133-n	jifero
spa-30-09884133-n	ili-30-09884133-n	matarife
spa-30-09884509-n	ili-30-09884509-n	despensero
spa-30-09884509-n	ili-30-09884509-n	maestresala
spa-30-09884509-n	ili-30-09884509-n	mayordomo
spa-30-09885769-n	ili-30-09885769-n	galopín
spa-30-09885769-n	ili-30-09885769-n	grumete
spa-30-09885769-n	ili-30-09885769-n	paje
spa-30-09885866-n	ili-30-09885866-n	ebanista
spa-30-09886403-n	ili-30-09886403-n	cadi
spa-30-09889170-n	ili-30-09889170-n	calígrafa
spa-30-09889170-n	ili-30-09889170-n	calígrafo
spa-30-09889170-n	ili-30-09889170-n	pendolista
spa-30-09890662-n	ili-30-09890662-n	cantarina
spa-30-09890987-n	ili-30-09890987-n	voluntario
spa-30-09891300-n	ili-30-09891300-n	carne de cañón
spa-30-09891470-n	ili-30-09891470-n	canoero
spa-30-09891470-n	ili-30-09891470-n	canoísta
spa-30-09891470-n	ili-30-09891470-n	palista
spa-30-09891470-n	ili-30-09891470-n	piragüista
spa-30-09891470-n	ili-30-09891470-n	remero
spa-30-09892410-n	ili-30-09892410-n	capo
spa-30-09892513-n	ili-30-09892513-n	jefe de comedor
spa-30-09892513-n	ili-30-09892513-n	maitre
spa-30-09892693-n	ili-30-09892693-n	capitán
spa-30-09892831-n	ili-30-09892831-n	capitán
spa-30-09893191-n	ili-30-09893191-n	capitán
spa-30-09894445-n	ili-30-09894445-n	cardióloga
spa-30-09894445-n	ili-30-09894445-n	cardiólogo
spa-30-09895222-n	ili-30-09895222-n	arribista
spa-30-09895222-n	ili-30-09895222-n	trepa
spa-30-09895902-n	ili-30-09895902-n	sustituto
spa-30-09896084-n	ili-30-09896084-n	carhop
spa-30-09896170-n	ili-30-09896170-n	caricaturista
spa-30-09896401-n	ili-30-09896401-n	villanciquero
spa-30-09896685-n	ili-30-09896685-n	carpintero
spa-30-09896685-n	ili-30-09896685-n	ebanista
spa-30-09896685-n	ili-30-09896685-n	madedero
spa-30-09897603-n	ili-30-09897603-n	repartidor de periódicos
spa-30-09897914-n	ili-30-09897914-n	carrero
spa-30-09897914-n	ili-30-09897914-n	carretero
spa-30-09897914-n	ili-30-09897914-n	furgonero
spa-30-09897914-n	ili-30-09897914-n	trajinante
spa-30-09898692-n	ili-30-09898692-n	carpintero de carretas
spa-30-09898692-n	ili-30-09898692-n	carretero
spa-30-09899534-n	ili-30-09899534-n	castrato
spa-30-09901337-n	ili-30-09901337-n	catequista
spa-30-09902353-n	ili-30-09902353-n	jinete
spa-30-09902353-n	ili-30-09902353-n	soldado de caballería
spa-30-09902611-n	ili-30-09902611-n	coracero
spa-30-09902611-n	ili-30-09902611-n	soldado de caballería
spa-30-09902611-n	ili-30-09902611-n	soldado montado
spa-30-09903501-n	ili-30-09903501-n	chelista
spa-30-09903501-n	ili-30-09903501-n	violoncelista
spa-30-09903501-n	ili-30-09903501-n	violonchelista
spa-30-09903639-n	ili-30-09903639-n	censor
spa-30-09903639-n	ili-30-09903639-n	censora
spa-30-09904057-n	ili-30-09904057-n	censista
spa-30-09905842-n	ili-30-09905842-n	jefe del consejo
spa-30-09905842-n	ili-30-09905842-n	presidente del consejo
spa-30-09906293-n	ili-30-09906293-n	camarera
spa-30-09906848-n	ili-30-09906848-n	canciller
spa-30-09906848-n	ili-30-09906848-n	rector
spa-30-09909660-n	ili-30-09909660-n	carbonero
spa-30-09909929-n	ili-30-09909929-n	encargado de negocios
spa-30-09910222-n	ili-30-09910222-n	auriga
spa-30-09910222-n	ili-30-09910222-n	cochero
spa-30-09911226-n	ili-30-09911226-n	limpiadora
spa-30-09911226-n	ili-30-09911226-n	mujer de la limpieza
spa-30-09913240-n	ili-30-09913240-n	inspectora
spa-30-09913240-n	ili-30-09913240-n	revisora
spa-30-09916348-n	ili-30-09916348-n	director ejecutivo
spa-30-09917214-n	ili-30-09917214-n	jefe de estado mayor
spa-30-09919061-n	ili-30-09919061-n	deshollinador
spa-30-09919061-n	ili-30-09919061-n	limipa chimeneas
spa-30-09919061-n	ili-30-09919061-n	limpiachimeneas
spa-30-09919297-n	ili-30-09919297-n	callista
spa-30-09919297-n	ili-30-09919297-n	pedicurista
spa-30-09919297-n	ili-30-09919297-n	pedicuro
spa-30-09919297-n	ili-30-09919297-n	podiatra
spa-30-09919297-n	ili-30-09919297-n	podólogo
spa-30-09919690-n	ili-30-09919690-n	niño cantor
spa-30-09919690-n	ili-30-09919690-n	niño de coro
spa-30-09920771-n	ili-30-09920771-n	corista
spa-30-09920901-n	ili-30-09920901-n	corista
spa-30-09920901-n	ili-30-09920901-n	suripanta
spa-30-09920901-n	ili-30-09920901-n	vicetiple
spa-30-09922659-n	ili-30-09922659-n	capillero
spa-30-09925459-n	ili-30-09925459-n	funcionario
spa-30-09925459-n	ili-30-09925459-n	funcionario público
spa-30-09926246-n	ili-30-09926246-n	clarinete
spa-30-09926246-n	ili-30-09926246-n	clarinetista
spa-30-09927089-n	ili-30-09927089-n	limpiador
spa-30-09928451-n	ili-30-09928451-n	administrativo
spa-30-09928451-n	ili-30-09928451-n	escribiente
spa-30-09928451-n	ili-30-09928451-n	oficinista
spa-30-09928451-n	ili-30-09928451-n	secretario
spa-30-09929577-n	ili-30-09929577-n	clínico
spa-30-09930102-n	ili-30-09930102-n	relojero
spa-30-09930876-n	ili-30-09930876-n	bufón
spa-30-09930876-n	ili-30-09930876-n	clown
spa-30-09930876-n	ili-30-09930876-n	payasa
spa-30-09930876-n	ili-30-09930876-n	payaso
spa-30-09931418-n	ili-30-09931418-n	instructor
spa-30-09931418-n	ili-30-09931418-n	preceptor
spa-30-09931418-n	ili-30-09931418-n	professor particular
spa-30-09931418-n	ili-30-09931418-n	tutor
spa-30-09932227-n	ili-30-09932227-n	carrocero
spa-30-09932336-n	ili-30-09932336-n	cochero
spa-30-09932336-n	ili-30-09932336-n	mayoral
spa-30-09932429-n	ili-30-09932429-n	carbonero
spa-30-09932508-n	ili-30-09932508-n	carbonero
spa-30-09932508-n	ili-30-09932508-n	minera
spa-30-09932508-n	ili-30-09932508-n	minero
spa-30-09932508-n	ili-30-09932508-n	minero de carbón
spa-30-09932508-n	ili-30-09932508-n	minero del carbón
spa-30-09932892-n	ili-30-09932892-n	co-autor
spa-30-09932892-n	ili-30-09932892-n	coautor
spa-30-09933411-n	ili-30-09933411-n	codemandado
spa-30-09934774-n	ili-30-09934774-n	peluquero
spa-30-09934846-n	ili-30-09934846-n	peluquera
spa-30-09934921-n	ili-30-09934921-n	moneyer
spa-30-09937250-n	ili-30-09937250-n	coronel
spa-30-09938080-n	ili-30-09938080-n	coloratura
spa-30-09938080-n	ili-30-09938080-n	coloratura soprano
spa-30-09938272-n	ili-30-09938272-n	abanderada
spa-30-09938272-n	ili-30-09938272-n	abanderado
spa-30-09939154-n	ili-30-09939154-n	articulista
spa-30-09939154-n	ili-30-09939154-n	columnista
spa-30-09939154-n	ili-30-09939154-n	editorialista
spa-30-09940146-n	ili-30-09940146-n	comediante
spa-30-09940146-n	ili-30-09940146-n	cómic
spa-30-09940146-n	ili-30-09940146-n	cómico
spa-30-09940146-n	ili-30-09940146-n	humorista
spa-30-09940725-n	ili-30-09940725-n	comediante
spa-30-09940818-n	ili-30-09940818-n	cómica
spa-30-09940987-n	ili-30-09940987-n	comedianta
spa-30-09941571-n	ili-30-09941571-n	comandante
spa-30-09941787-n	ili-30-09941787-n	comandante en jefe
spa-30-09941787-n	ili-30-09941787-n	generalísimo
spa-30-09941964-n	ili-30-09941964-n	comandante
spa-30-09941964-n	ili-30-09941964-n	oficial al mando
spa-30-09942275-n	ili-30-09942275-n	comando
spa-30-09942275-n	ili-30-09942275-n	montaraz
spa-30-09942431-n	ili-30-09942431-n	comentarista
spa-30-09942697-n	ili-30-09942697-n	comisario político
spa-30-09942970-n	ili-30-09942970-n	oficial
spa-30-09942970-n	ili-30-09942970-n	oficial comisionado
spa-30-09943239-n	ili-30-09943239-n	oficial
spa-30-09943239-n	ili-30-09943239-n	oficial militar
spa-30-09943239-n	ili-30-09943239-n	oficial militar comisionado
spa-30-09943541-n	ili-30-09943541-n	oficial de marina
spa-30-09943541-n	ili-30-09943541-n	oficial naval
spa-30-09943541-n	ili-30-09943541-n	oficial naval comisionado
spa-30-09943811-n	ili-30-09943811-n	comisionado
spa-30-09945021-n	ili-30-09945021-n	comodoro
spa-30-09946814-n	ili-30-09946814-n	presentador
spa-30-09946957-n	ili-30-09946957-n	enciclopedista
spa-30-09949946-n	ili-30-09949946-n	cajista
spa-30-09949946-n	ili-30-09949946-n	compositor
spa-30-09949946-n	ili-30-09949946-n	linotipista
spa-30-09949946-n	ili-30-09949946-n	tipógrafo
spa-30-09953775-n	ili-30-09953775-n	confederado
spa-30-09953775-n	ili-30-09953775-n	soldado confederado
spa-30-09959797-n	ili-30-09959797-n	cónsul
spa-30-09960891-n	ili-30-09960891-n	contratista
spa-30-09961198-n	ili-30-09961198-n	contralto
spa-30-09962612-n	ili-30-09962612-n	conveyancer
spa-30-09963320-n	ili-30-09963320-n	cocinera
spa-30-09963320-n	ili-30-09963320-n	cocinero
spa-30-09963574-n	ili-30-09963574-n	chef
spa-30-09963574-n	ili-30-09963574-n	cocinero
spa-30-09963680-n	ili-30-09963680-n	intendente
spa-30-09963773-n	ili-30-09963773-n	barrilero
spa-30-09963773-n	ili-30-09963773-n	candiotero
spa-30-09963773-n	ili-30-09963773-n	carralero
spa-30-09963773-n	ili-30-09963773-n	cubero
spa-30-09963773-n	ili-30-09963773-n	tonelero
spa-30-09963914-n	ili-30-09963914-n	coordinador
spa-30-09963914-n	ili-30-09963914-n	coordinadora
spa-30-09964202-n	ili-30-09964202-n	co-piloto
spa-30-09964202-n	ili-30-09964202-n	copiloto
spa-30-09964315-n	ili-30-09964315-n	artesano del cobre
spa-30-09964315-n	ili-30-09964315-n	calderera
spa-30-09964315-n	ili-30-09964315-n	calderero
spa-30-09964315-n	ili-30-09964315-n	cobrero
spa-30-09964659-n	ili-30-09964659-n	corrector
spa-30-09964805-n	ili-30-09964805-n	amanuense
spa-30-09964805-n	ili-30-09964805-n	copiador
spa-30-09964805-n	ili-30-09964805-n	copiante
spa-30-09964805-n	ili-30-09964805-n	copista
spa-30-09964805-n	ili-30-09964805-n	escriba
spa-30-09964805-n	ili-30-09964805-n	escribano
spa-30-09964805-n	ili-30-09964805-n	escribiente
spa-30-09964805-n	ili-30-09964805-n	plumista
spa-30-09965021-n	ili-30-09965021-n	copywriter
spa-30-09965021-n	ili-30-09965021-n	redactor
spa-30-09965021-n	ili-30-09965021-n	redactor publicitario
spa-30-09965424-n	ili-30-09965424-n	maestro cocinero
spa-30-09966139-n	ili-30-09966139-n	cabo
spa-30-09966139-n	ili-30-09966139-n	caporal
spa-30-09966139-n	ili-30-09966139-n	corporal
spa-30-09966255-n	ili-30-09966255-n	director de empresa
spa-30-09966710-n	ili-30-09966710-n	corresponsal
spa-30-09966710-n	ili-30-09966710-n	newspaperwoman
spa-30-09966710-n	ili-30-09966710-n	newswriter
spa-30-09966710-n	ili-30-09966710-n	periodista
spa-30-09966710-n	ili-30-09966710-n	redactor de noticias
spa-30-09967270-n	ili-30-09967270-n	cirujano plástico
spa-30-09967967-n	ili-30-09967967-n	coestrella
spa-30-09967967-n	ili-30-09967967-n	coprotagonista
spa-30-09969718-n	ili-30-09969718-n	dependienta
spa-30-09969718-n	ili-30-09969718-n	dependiente
spa-30-09969718-n	ili-30-09969718-n	vendedor
spa-30-09970295-n	ili-30-09970295-n	contratenor
spa-30-09971595-n	ili-30-09971595-n	coureur de bois
spa-30-09971839-n	ili-30-09971839-n	cortesano
spa-30-09971839-n	ili-30-09971839-n	palaciego
spa-30-09971839-n	ili-30-09971839-n	áulico
spa-30-09972458-n	ili-30-09972458-n	pin-up
spa-30-09972661-n	ili-30-09972661-n	cowboy
spa-30-09972661-n	ili-30-09972661-n	gaucho
spa-30-09972661-n	ili-30-09972661-n	huaso
spa-30-09972661-n	ili-30-09972661-n	llanero
spa-30-09972661-n	ili-30-09972661-n	vaquero
spa-30-09973072-n	ili-30-09973072-n	corredor de rodeo
spa-30-09973072-n	ili-30-09973072-n	cowboy
spa-30-09973072-n	ili-30-09973072-n	vaquero
spa-30-09973209-n	ili-30-09973209-n	vaquero
spa-30-09973422-n	ili-30-09973422-n	vaquera
spa-30-09973422-n	ili-30-09973422-n	vaquero
spa-30-09973624-n	ili-30-09973624-n	timonel
spa-30-09974648-n	ili-30-09974648-n	artesana
spa-30-09974648-n	ili-30-09974648-n	artesano
spa-30-09974648-n	ili-30-09974648-n	artífice
spa-30-09974648-n	ili-30-09974648-n	oficial
spa-30-09977082-n	ili-30-09977082-n	tripulante
spa-30-09977178-n	ili-30-09977178-n	tripulante
spa-30-09979589-n	ili-30-09979589-n	crítico
spa-30-09980090-n	ili-30-09980090-n	cantante melódico
spa-30-09980090-n	ili-30-09980090-n	crooner
spa-30-09982277-n	ili-30-09982277-n	coracero
spa-30-09983053-n	ili-30-09983053-n	copero
spa-30-09983053-n	ili-30-09983053-n	escanciador
spa-30-09983053-n	ili-30-09983053-n	escanciano
spa-30-09985279-n	ili-30-09985279-n	cortador
spa-30-09985809-n	ili-30-09985809-n	ciberpunk
spa-30-09985809-n	ili-30-09985809-n	cyberpunk
spa-30-09986450-n	ili-30-09986450-n	cimbalero
spa-30-09986450-n	ili-30-09986450-n	cimbalista
spa-30-09988216-n	ili-30-09988216-n	lechera
spa-30-09988216-n	ili-30-09988216-n	ordeñadora
spa-30-09988216-n	ili-30-09988216-n	quesera
spa-30-09989502-n	ili-30-09989502-n	bailador
spa-30-09989502-n	ili-30-09989502-n	bailaor
spa-30-09989502-n	ili-30-09989502-n	bailarina
spa-30-09989502-n	ili-30-09989502-n	bailarín
spa-30-09989502-n	ili-30-09989502-n	bailarín profesional
spa-30-09989502-n	ili-30-09989502-n	danzante
spa-30-09989502-n	ili-30-09989502-n	danzarín
spa-30-09989502-n	ili-30-09989502-n	terpsichorean
spa-30-09989502-n	ili-30-09989502-n	terpsícore
spa-30-09990777-n	ili-30-09990777-n	maestro de baile
spa-30-09990777-n	ili-30-09990777-n	maestro de danza
spa-30-09991406-n	ili-30-09991406-n	bailarín
spa-30-09991406-n	ili-30-09991406-n	danseur
spa-30-09991406-n	ili-30-09991406-n	danseur noble
spa-30-09992138-n	ili-30-09992138-n	darner
spa-30-09994400-n	ili-30-09994400-n	jornalero
spa-30-09994673-n	ili-30-09994673-n	diácono
spa-30-09994673-n	ili-30-09994673-n	diácono protestante
spa-30-09994808-n	ili-30-09994808-n	diaconisa
spa-30-09995757-n	ili-30-09995757-n	cazador de venados
spa-30-09996784-n	ili-30-09996784-n	decano
spa-30-09998788-n	ili-30-09998788-n	marinero de cubierta
spa-30-10000158-n	ili-30-10000158-n	abogado defensor
spa-30-10000158-n	ili-30-10000158-n	defensa
spa-30-10001217-n	ili-30-10001217-n	recadero
spa-30-10001217-n	ili-30-10001217-n	repartidor
spa-30-10002982-n	ili-30-10002982-n	demostrador
spa-30-10002982-n	ili-30-10002982-n	demostrador de mercadería
spa-30-10002982-n	ili-30-10002982-n	representante
spa-30-10002982-n	ili-30-10002982-n	representante de ventas
spa-30-10003782-n	ili-30-10003782-n	auxiliar dental
spa-30-10004019-n	ili-30-10004019-n	denturist
spa-30-10004019-n	ili-30-10004019-n	denturista
spa-30-10004019-n	ili-30-10004019-n	protésico
spa-30-10004019-n	ili-30-10004019-n	técnico dental
spa-30-10004282-n	ili-30-10004282-n	dentista
spa-30-10004282-n	ili-30-10004282-n	estomatólogo
spa-30-10004282-n	ili-30-10004282-n	odontólogo
spa-30-10004718-n	ili-30-10004718-n	jefe de departamento
spa-30-10005280-n	ili-30-10005280-n	lugarteniente
spa-30-10006177-n	ili-30-10006177-n	dermatólogo
spa-30-10007995-n	ili-30-10007995-n	recepcionista
spa-30-10007995-n	ili-30-10007995-n	recepcionista de hotel
spa-30-10011074-n	ili-30-10011074-n	patologista
spa-30-10011074-n	ili-30-10011074-n	patólogo
spa-30-10012713-n	ili-30-10012713-n	diemaker
spa-30-10012713-n	ili-30-10012713-n	diesinker
spa-30-10012713-n	ili-30-10012713-n	fresador
spa-30-10012989-n	ili-30-10012989-n	excavador
spa-30-10013614-n	ili-30-10013614-n	encargado de comedor
spa-30-10013614-n	ili-30-10013614-n	encargado de restaurante
spa-30-10013927-n	ili-30-10013927-n	diplomático
spa-30-10014939-n	ili-30-10014939-n	administrador
spa-30-10014939-n	ili-30-10014939-n	director
spa-30-10014939-n	ili-30-10014939-n	directora
spa-30-10014939-n	ili-30-10014939-n	gerente
spa-30-10014939-n	ili-30-10014939-n	gestor
spa-30-10014939-n	ili-30-10014939-n	manager
spa-30-10017190-n	ili-30-10017190-n	lavaplatos
spa-30-10017422-n	ili-30-10017422-n	despachador
spa-30-10019072-n	ili-30-10019072-n	fiscal
spa-30-10019308-n	ili-30-10019308-n	cavador de zanjas
spa-30-10020670-n	ili-30-10020670-n	abogado divorcista
spa-30-10020670-n	ili-30-10020670-n	abogado matrimonialista
spa-30-10020807-n	ili-30-10020807-n	docente
spa-30-10020890-n	ili-30-10020890-n	doc
spa-30-10020890-n	ili-30-10020890-n	doctor
spa-30-10020890-n	ili-30-10020890-n	doctora
spa-30-10020890-n	ili-30-10020890-n	facultativo
spa-30-10020890-n	ili-30-10020890-n	medico
spa-30-10020890-n	ili-30-10020890-n	médica
spa-30-10020890-n	ili-30-10020890-n	médico
spa-30-10023264-n	ili-30-10023264-n	dux
spa-30-10024119-n	ili-30-10024119-n	asistente
spa-30-10024119-n	ili-30-10024119-n	criado
spa-30-10024119-n	ili-30-10024119-n	doméstico
spa-30-10025295-n	ili-30-10025295-n	don
spa-30-10028765-n	ili-30-10028765-n	colimba
spa-30-10028765-n	ili-30-10028765-n	conscripto
spa-30-10028765-n	ili-30-10028765-n	miliciano
spa-30-10028765-n	ili-30-10028765-n	quinto
spa-30-10028765-n	ili-30-10028765-n	recluta
spa-30-10028977-n	ili-30-10028977-n	bosquejador
spa-30-10029269-n	ili-30-10029269-n	delineante
spa-30-10029831-n	ili-30-10029831-n	dragón
spa-30-10030277-n	ili-30-10030277-n	comediógrafo
spa-30-10030277-n	ili-30-10030277-n	dramaturgo
spa-30-10030277-n	ili-30-10030277-n	dramático
spa-30-10032676-n	ili-30-10032676-n	atracción
spa-30-10032676-n	ili-30-10032676-n	gancho
spa-30-10033082-n	ili-30-10033082-n	asistente de camerino
spa-30-10033082-n	ili-30-10033082-n	ayudante de camerino
spa-30-10034020-n	ili-30-10034020-n	drill instructor
spa-30-10034020-n	ili-30-10034020-n	instructor militar
spa-30-10034020-n	ili-30-10034020-n	jefe de instrucción
spa-30-10035430-n	ili-30-10035430-n	cochero
spa-30-10035430-n	ili-30-10035430-n	conductor
spa-30-10035809-n	ili-30-10035809-n	bracero
spa-30-10035809-n	ili-30-10035809-n	galeote
spa-30-10035809-n	ili-30-10035809-n	peón
spa-30-10036802-n	ili-30-10036802-n	guaripolera
spa-30-10036802-n	ili-30-10036802-n	majorette
spa-30-10036929-n	ili-30-10036929-n	baterista
spa-30-10036929-n	ili-30-10036929-n	batería
spa-30-10036929-n	ili-30-10036929-n	tambor
spa-30-10036929-n	ili-30-10036929-n	tamborilero
spa-30-10038547-n	ili-30-10038547-n	cazador de patos
spa-30-10040515-n	ili-30-10040515-n	tintorero
spa-30-10041195-n	ili-30-10041195-n	otólogo
spa-30-10041887-n	ili-30-10041887-n	asalariada
spa-30-10041887-n	ili-30-10041887-n	asalariado
spa-30-10044879-n	ili-30-10044879-n	editor
spa-30-10044879-n	ili-30-10044879-n	jefe de redacción
spa-30-10044879-n	ili-30-10044879-n	redactora
spa-30-10045361-n	ili-30-10045361-n	subeditor
spa-30-10045713-n	ili-30-10045713-n	educacionista
spa-30-10045713-n	ili-30-10045713-n	educador
spa-30-10045713-n	ili-30-10045713-n	educadora
spa-30-10045713-n	ili-30-10045713-n	pedagoga
spa-30-10045713-n	ili-30-10045713-n	pedagogo
spa-30-10049363-n	ili-30-10049363-n	chispa
spa-30-10049363-n	ili-30-10049363-n	electricista
spa-30-10050043-n	ili-30-10050043-n	poeta elegíaco
spa-30-10051215-n	ili-30-10051215-n	embalsamador
spa-30-10051761-n	ili-30-10051761-n	embrióloga
spa-30-10051761-n	ili-30-10051761-n	embriólogo
spa-30-10053808-n	ili-30-10053808-n	empleada
spa-30-10053808-n	ili-30-10053808-n	empleado
spa-30-10053808-n	ili-30-10053808-n	trabajador
spa-30-10053808-n	ili-30-10053808-n	trabajadora
spa-30-10055566-n	ili-30-10055566-n	enciclopedista
spa-30-10056914-n	ili-30-10056914-n	endocrinólogo
spa-30-10057114-n	ili-30-10057114-n	endodoncista
spa-30-10057918-n	ili-30-10057918-n	profesor de inglés
spa-30-10058155-n	ili-30-10058155-n	grabador
spa-30-10058962-n	ili-30-10058962-n	recluta
spa-30-10059323-n	ili-30-10059323-n	otorrino
spa-30-10059323-n	ili-30-10059323-n	otorrinolaringologo
spa-30-10059323-n	ili-30-10059323-n	otorrinolaringólogo
spa-30-10059323-n	ili-30-10059323-n	otólogo
spa-30-10061043-n	ili-30-10061043-n	ministro plenipotenciario
spa-30-10062594-n	ili-30-10062594-n	caballerizo del rey
spa-30-10064229-n	ili-30-10064229-n	escudero
spa-30-10064405-n	ili-30-10064405-n	ensayista
spa-30-10064405-n	ili-30-10064405-n	escritor
spa-30-10064405-n	ili-30-10064405-n	literato
spa-30-10064831-n	ili-30-10064831-n	esteticista
spa-30-10064831-n	ili-30-10064831-n	esthéticienne
spa-30-10066059-n	ili-30-10066059-n	aetiologist
spa-30-10066059-n	ili-30-10066059-n	etiologist
spa-30-10066059-n	ili-30-10066059-n	etiólogo
spa-30-10069296-n	ili-30-10069296-n	ejecutor
spa-30-10069645-n	ili-30-10069645-n	director ejecutivo
spa-30-10069645-n	ili-30-10069645-n	ejecutiva
spa-30-10069645-n	ili-30-10069645-n	ejecutivo
spa-30-10069981-n	ili-30-10069981-n	secretario ejecutivo
spa-30-10071912-n	ili-30-10071912-n	exodontist
spa-30-10075802-n	ili-30-10075802-n	factótum
spa-30-10076604-n	ili-30-10076604-n	cetrero
spa-30-10076604-n	ili-30-10076604-n	halconera
spa-30-10076604-n	ili-30-10076604-n	halconero
spa-30-10077278-n	ili-30-10077278-n	médico de familia
spa-30-10079210-n	ili-30-10079210-n	granjera
spa-30-10079399-n	ili-30-10079399-n	agricultor
spa-30-10079399-n	ili-30-10079399-n	granjero
spa-30-10079399-n	ili-30-10079399-n	labriego
spa-30-10079399-n	ili-30-10079399-n	obrero agrícola
spa-30-10079399-n	ili-30-10079399-n	trabajador agrícola
spa-30-10079677-n	ili-30-10079677-n	herrador
spa-30-10083264-n	ili-30-10083264-n	fellah
spa-30-10085449-n	ili-30-10085449-n	balsero
spa-30-10085449-n	ili-30-10085449-n	barquero
spa-30-10086821-n	ili-30-10086821-n	mariscal de campo
spa-30-10087080-n	ili-30-10087080-n	oficial superior
spa-30-10087574-n	ili-30-10087574-n	archivador
spa-30-10087574-n	ili-30-10087574-n	archivero
spa-30-10087574-n	ili-30-10087574-n	archivista
spa-30-10089484-n	ili-30-10089484-n	artista de cine
spa-30-10089484-n	ili-30-10089484-n	estrella de cine
spa-30-10089892-n	ili-30-10089892-n	ministro de hacienda
spa-30-10092098-n	ili-30-10092098-n	guardabosque
spa-30-10092098-n	ili-30-10092098-n	guardaparque
spa-30-10092978-n	ili-30-10092978-n	alférez
spa-30-10092978-n	ili-30-10092978-n	teniente primero
spa-30-10093475-n	ili-30-10093475-n	sargento primero
spa-30-10093658-n	ili-30-10093658-n	pescador
spa-30-10094236-n	ili-30-10094236-n	oficial almirante
spa-30-10096016-n	ili-30-10096016-n	almirante de flota
spa-30-10096016-n	ili-30-10096016-n	almirante de la flota
spa-30-10097262-n	ili-30-10097262-n	jefe de sección
spa-30-10097262-n	ili-30-10097262-n	jefe de ventas
spa-30-10097262-n	ili-30-10097262-n	superintendente
spa-30-10098245-n	ili-30-10098245-n	flauta
spa-30-10098245-n	ili-30-10098245-n	flautista
spa-30-10099093-n	ili-30-10099093-n	cantante folclórico
spa-30-10099093-n	ili-30-10099093-n	cantante poeta
spa-30-10099093-n	ili-30-10099093-n	juglar
spa-30-10099093-n	ili-30-10099093-n	trobador
spa-30-10099093-n	ili-30-10099093-n	trovador
spa-30-10099093-n	ili-30-10099093-n	trovadora
spa-30-10099278-n	ili-30-10099278-n	escritor popular
spa-30-10101981-n	ili-30-10101981-n	lacayo
spa-30-10105260-n	ili-30-10105260-n	falsificador
spa-30-10105260-n	ili-30-10105260-n	forjador
spa-30-10105618-n	ili-30-10105618-n	minero del 49
spa-30-10107778-n	ili-30-10107778-n	fundidor
spa-30-10110421-n	ili-30-10110421-n	autónomo
spa-30-10110421-n	ili-30-10110421-n	freelance
spa-30-10110421-n	ili-30-10110421-n	independiente
spa-30-10110421-n	ili-30-10110421-n	trabajador autónomo
spa-30-10111601-n	ili-30-10111601-n	profesor de francés
spa-30-10115603-n	ili-30-10115603-n	abatanador
spa-30-10115603-n	ili-30-10115603-n	batanero
spa-30-10115748-n	ili-30-10115748-n	profesor titular
spa-30-10115748-n	ili-30-10115748-n	titular
spa-30-10116579-n	ili-30-10116579-n	fusilero
spa-30-10117415-n	ili-30-10117415-n	humorista
spa-30-10118743-n	ili-30-10118743-n	gambist
spa-30-10119775-n	ili-30-10119775-n	obrero ferroviario
spa-30-10120330-n	ili-30-10120330-n	basurero
spa-30-10120671-n	ili-30-10120671-n	jardinero
spa-30-10121595-n	ili-30-10121595-n	fontanero
spa-30-10121595-n	ili-30-10121595-n	gasista
spa-30-10121595-n	ili-30-10121595-n	técnico del gas
spa-30-10121714-n	ili-30-10121714-n	gasista
spa-30-10121714-n	ili-30-10121714-n	hombre del gas
spa-30-10121800-n	ili-30-10121800-n	gastroenterólogo
spa-30-10122441-n	ili-30-10122441-n	gaucho
spa-30-10122765-n	ili-30-10122765-n	gacetillero
spa-30-10123615-n	ili-30-10123615-n	friki
spa-30-10123844-n	ili-30-10123844-n	general
spa-30-10125561-n	ili-30-10125561-n	superior general
spa-30-10125697-n	ili-30-10125697-n	gerente
spa-30-10125786-n	ili-30-10125786-n	general
spa-30-10125786-n	ili-30-10125786-n	oficial general
spa-30-10126009-n	ili-30-10126009-n	médico de cabecera
spa-30-10126009-n	ili-30-10126009-n	médico de familia
spa-30-10126009-n	ili-30-10126009-n	médico generalista
spa-30-10128163-n	ili-30-10128163-n	profesor de geometría
spa-30-10128381-n	ili-30-10128381-n	geriatra
spa-30-10128381-n	ili-30-10128381-n	gerontólogo
spa-30-10128748-n	ili-30-10128748-n	escritor fantasma
spa-30-10128748-n	ili-30-10128748-n	negro
spa-30-10132035-n	ili-30-10132035-n	soplador
spa-30-10132035-n	ili-30-10132035-n	soplador de vidrio
spa-30-10132145-n	ili-30-10132145-n	cristalero
spa-30-10132145-n	ili-30-10132145-n	glazer
spa-30-10132145-n	ili-30-10132145-n	vidriero
spa-30-10134178-n	ili-30-10134178-n	cabrerizo
spa-30-10134178-n	ili-30-10134178-n	cabrero
spa-30-10134178-n	ili-30-10134178-n	guardacabras
spa-30-10135197-n	ili-30-10135197-n	gofer
spa-30-10136463-n	ili-30-10136463-n	buscador de oro
spa-30-10136463-n	ili-30-10136463-n	excavador de oro
spa-30-10136463-n	ili-30-10136463-n	excavadora de oro
spa-30-10136615-n	ili-30-10136615-n	orfebre
spa-30-10137825-n	ili-30-10137825-n	gondolero
spa-30-10137825-n	ili-30-10137825-n	gondoliere
spa-30-10139651-n	ili-30-10139651-n	gacetillero
spa-30-10139944-n	ili-30-10139944-n	novela gótica
spa-30-10140169-n	ili-30-10140169-n	aya
spa-30-10140169-n	ili-30-10140169-n	gobernanta
spa-30-10140169-n	ili-30-10140169-n	institutor
spa-30-10140169-n	ili-30-10140169-n	institutriz
spa-30-10140169-n	ili-30-10140169-n	norsa
spa-30-10140169-n	ili-30-10140169-n	nurse
spa-30-10142537-n	ili-30-10142537-n	gran inquisidor
spa-30-10142537-n	ili-30-10142537-n	inquisidor general
spa-30-10144468-n	ili-30-10144468-n	enterrador
spa-30-10144468-n	ili-30-10144468-n	panteonero
spa-30-10144468-n	ili-30-10144468-n	sepulturero
spa-30-10146816-n	ili-30-10146816-n	granadero
spa-30-10148663-n	ili-30-10148663-n	groundsman
spa-30-10148825-n	ili-30-10148825-n	capitán de grupo
spa-30-10151367-n	ili-30-10151367-n	gastarbeiter
spa-30-10151367-n	ili-30-10151367-n	trabajador invitado
spa-30-10151760-n	ili-30-10151760-n	guitarra
spa-30-10151760-n	ili-30-10151760-n	guitarrero
spa-30-10151760-n	ili-30-10151760-n	guitarrista
spa-30-10152528-n	ili-30-10152528-n	armero
spa-30-10152528-n	ili-30-10152528-n	escopetero
spa-30-10154013-n	ili-30-10154013-n	ginecólogo
spa-30-10154740-n	ili-30-10154740-n	escritor a sueldo
spa-30-10155692-n	ili-30-10155692-n	hagiographist
spa-30-10155692-n	ili-30-10155692-n	hagiologist
spa-30-10155692-n	ili-30-10155692-n	hagiógrafo
spa-30-10155849-n	ili-30-10155849-n	estilista
spa-30-10155849-n	ili-30-10155849-n	peluquero
spa-30-10158010-n	ili-30-10158010-n	actor aficionado
spa-30-10158010-n	ili-30-10158010-n	aficionado
spa-30-10159186-n	ili-30-10159186-n	azafata
spa-30-10159186-n	ili-30-10159186-n	criada
spa-30-10159289-n	ili-30-10159289-n	handyman
spa-30-10159289-n	ili-30-10159289-n	manitas
spa-30-10159434-n	ili-30-10159434-n	colgador
spa-30-10160280-n	ili-30-10160280-n	arlequin
spa-30-10160280-n	ili-30-10160280-n	arlequín
spa-30-10160770-n	ili-30-10160770-n	arpista
spa-30-10160770-n	ili-30-10160770-n	harper
spa-30-10160913-n	ili-30-10160913-n	arponero
spa-30-10161047-n	ili-30-10161047-n	clavecinista
spa-30-10161047-n	ili-30-10161047-n	clavicordio
spa-30-10161363-n	ili-30-10161363-n	agavillador
spa-30-10161363-n	ili-30-10161363-n	cosechador
spa-30-10161363-n	ili-30-10161363-n	cosechero
spa-30-10161363-n	ili-30-10161363-n	segador
spa-30-10162991-n	ili-30-10162991-n	cabeza
spa-30-10162991-n	ili-30-10162991-n	jefe
spa-30-10162991-n	ili-30-10162991-n	líder
spa-30-10162991-n	ili-30-10162991-n	responsable
spa-30-10164233-n	ili-30-10164233-n	director
spa-30-10164233-n	ili-30-10164233-n	director de escuela
spa-30-10164397-n	ili-30-10164397-n	directora
spa-30-10164605-n	ili-30-10164605-n	patriarca
spa-30-10165109-n	ili-30-10165109-n	profesional de la salud
spa-30-10165109-n	ili-30-10165109-n	profesional sanitario
spa-30-10165109-n	ili-30-10165109-n	sanitario
spa-30-10166313-n	ili-30-10166313-n	ídolo
spa-30-10167740-n	ili-30-10167740-n	podador
spa-30-10169796-n	ili-30-10169796-n	timonel
spa-30-10170060-n	ili-30-10170060-n	contratación
spa-30-10170172-n	ili-30-10170172-n	contrata
spa-30-10170681-n	ili-30-10170681-n	hematólogo
spa-30-10171567-n	ili-30-10171567-n	arriero
spa-30-10171567-n	ili-30-10171567-n	pastor
spa-30-10174148-n	ili-30-10174148-n	cortador
spa-30-10174445-n	ili-30-10174445-n	alto comisario
spa-30-10174845-n	ili-30-10174845-n	highlander
spa-30-10176679-n	ili-30-10176679-n	bracero
spa-30-10176679-n	ili-30-10176679-n	hombre contratado
spa-30-10176679-n	ili-30-10176679-n	jornalero
spa-30-10176679-n	ili-30-10176679-n	mano de obra
spa-30-10176913-n	ili-30-10176913-n	alquiladizo
spa-30-10176913-n	ili-30-10176913-n	mercenario
spa-30-10179527-n	ili-30-10179527-n	peón
spa-30-10179527-n	ili-30-10179527-n	peón de albañil
spa-30-10179527-n	ili-30-10179527-n	peón de mano
spa-30-10182402-n	ili-30-10182402-n	homeópata
spa-30-10183931-n	ili-30-10183931-n	guardia de honor
spa-30-10184403-n	ili-30-10184403-n	bailarín profesional
spa-30-10186216-n	ili-30-10186216-n	caballerango
spa-30-10187990-n	ili-30-10187990-n	administrador de hotel
spa-30-10187990-n	ili-30-10187990-n	hostelero
spa-30-10187990-n	ili-30-10187990-n	hotelero
spa-30-10187990-n	ili-30-10187990-n	hotelman
spa-30-10188715-n	ili-30-10188715-n	ama de llaves
spa-30-10188715-n	ili-30-10188715-n	casera
spa-30-10188715-n	ili-30-10188715-n	gobernanta
spa-30-10189278-n	ili-30-10189278-n	médico residente
spa-30-10189278-n	ili-30-10189278-n	residente
spa-30-10189975-n	ili-30-10189975-n	rompehogares
spa-30-10190122-n	ili-30-10190122-n	delegado de vivienda
spa-30-10191943-n	ili-30-10191943-n	humorista
spa-30-10193026-n	ili-30-10193026-n	cazador
spa-30-10193650-n	ili-30-10193650-n	cazadora
spa-30-10194341-n	ili-30-10194341-n	húsar
spa-30-10194969-n	ili-30-10194969-n	higienista
spa-30-10196404-n	ili-30-10196404-n	heladero
spa-30-10196404-n	ili-30-10196404-n	hielero
spa-30-10196404-n	ili-30-10196404-n	vendedor de helados
spa-30-10199902-n	ili-30-10199902-n	inmunólogo
spa-30-10202624-n	ili-30-10202624-n	encargado
spa-30-10202624-n	ili-30-10202624-n	funcionario
spa-30-10202624-n	ili-30-10202624-n	titular
spa-30-10203016-n	ili-30-10203016-n	indizador
spa-30-10203135-n	ili-30-10203135-n	agente indio
spa-30-10203135-n	ili-30-10203135-n	agente indígena
spa-30-10203298-n	ili-30-10203298-n	jefe indio
spa-30-10204921-n	ili-30-10204921-n	infante
spa-30-10204921-n	ili-30-10204921-n	peón
spa-30-10204921-n	ili-30-10204921-n	soldado de infantería
spa-30-10208432-n	ili-30-10208432-n	inquisidor
spa-30-10208950-n	ili-30-10208950-n	inspector general
spa-30-10209539-n	ili-30-10209539-n	instructora
spa-30-10211036-n	ili-30-10211036-n	interlocutor
spa-30-10211203-n	ili-30-10211203-n	houseman
spa-30-10211203-n	ili-30-10211203-n	interne
spa-30-10211203-n	ili-30-10211203-n	interno
spa-30-10212231-n	ili-30-10212231-n	internista
spa-30-10212338-n	ili-30-10212338-n	internuncio
spa-30-10213034-n	ili-30-10213034-n	interventor
spa-30-10217831-n	ili-30-10217831-n	itinerante
spa-30-10219380-n	ili-30-10219380-n	jenízaro
spa-30-10220228-n	ili-30-10220228-n	jawan
spa-30-10220486-n	ili-30-10220486-n	jazzman
spa-30-10220486-n	ili-30-10220486-n	músico de jazz
spa-30-10221312-n	ili-30-10221312-n	bufón
spa-30-10223869-n	ili-30-10223869-n	carpintero
spa-30-10224098-n	ili-30-10224098-n	bromista
spa-30-10224098-n	ili-30-10224098-n	bufón
spa-30-10224098-n	ili-30-10224098-n	chistoso
spa-30-10224098-n	ili-30-10224098-n	cuentachistes
spa-30-10224098-n	ili-30-10224098-n	hazmerreír
spa-30-10224098-n	ili-30-10224098-n	humorista
spa-30-10224578-n	ili-30-10224578-n	periodista
spa-30-10225219-n	ili-30-10225219-n	juez
spa-30-10225219-n	ili-30-10225219-n	jueza
spa-30-10225219-n	ili-30-10225219-n	magistrado
spa-30-10225219-n	ili-30-10225219-n	togado
spa-30-10225219-n	ili-30-10225219-n	árbitro
spa-30-10225931-n	ili-30-10225931-n	auditor de guerra
spa-30-10226413-n	ili-30-10226413-n	juglar
spa-30-10226413-n	ili-30-10226413-n	malabarista
spa-30-10226413-n	ili-30-10226413-n	saltimbanqui
spa-30-10228468-n	ili-30-10228468-n	juez de paz
spa-30-10228712-n	ili-30-10228712-n	kachina
spa-30-10229193-n	ili-30-10229193-n	kamikaze
spa-30-10229883-n	ili-30-10229883-n	tecladista
spa-30-10229883-n	ili-30-10229883-n	teclista
spa-30-10237464-n	ili-30-10237464-n	asistente de cocina
spa-30-10238127-n	ili-30-10238127-n	desguazador
spa-30-10241024-n	ili-30-10241024-n	doula
spa-30-10241024-n	ili-30-10241024-n	monitrice
spa-30-10241300-n	ili-30-10241300-n	mano de obra
spa-30-10241300-n	ili-30-10241300-n	obrero
spa-30-10241300-n	ili-30-10241300-n	peón
spa-30-10242573-n	ili-30-10242573-n	lacayo
spa-30-10243483-n	ili-30-10243483-n	doncella
spa-30-10244359-n	ili-30-10244359-n	encendedor
spa-30-10244359-n	ili-30-10244359-n	farolero
spa-30-10244818-n	ili-30-10244818-n	lancero
spa-30-10246511-n	ili-30-10246511-n	lapidario
spa-30-10247176-n	ili-30-10247176-n	lascar
spa-30-10247800-n	ili-30-10247800-n	tornerno
spa-30-10247800-n	ili-30-10247800-n	tornero
spa-30-10249950-n	ili-30-10249950-n	abogada
spa-30-10249950-n	ili-30-10249950-n	abogado
spa-30-10249950-n	ili-30-10249950-n	defensor
spa-30-10249950-n	ili-30-10249950-n	jurista
spa-30-10249950-n	ili-30-10249950-n	letrada
spa-30-10249950-n	ili-30-10249950-n	letrado
spa-30-10249950-n	ili-30-10249950-n	notario
spa-30-10249950-n	ili-30-10249950-n	picapleitos
spa-30-10251417-n	ili-30-10251417-n	primera actriz
spa-30-10251517-n	ili-30-10251517-n	galán
spa-30-10251517-n	ili-30-10251517-n	protagonista
spa-30-10252222-n	ili-30-10252222-n	docente
spa-30-10252222-n	ili-30-10252222-n	lector
spa-30-10252222-n	ili-30-10252222-n	lectora
spa-30-10253703-n	ili-30-10253703-n	legionario
spa-30-10257948-n	ili-30-10257948-n	bibliotecario
spa-30-10258152-n	ili-30-10258152-n	libretista
spa-30-10258304-n	ili-30-10258304-n	infermera practicante
spa-30-10258602-n	ili-30-10258602-n	ente certificador
spa-30-10259016-n	ili-30-10259016-n	cantante de lieder
spa-30-10259348-n	ili-30-10259348-n	teniente
spa-30-10259527-n	ili-30-10259527-n	teniente
spa-30-10259780-n	ili-30-10259780-n	teniente coronel
spa-30-10259997-n	ili-30-10259997-n	capitán de corbeta
spa-30-10259997-n	ili-30-10259997-n	teniente comandante
spa-30-10260166-n	ili-30-10260166-n	teniente general
spa-30-10260800-n	ili-30-10260800-n	bañero
spa-30-10260800-n	ili-30-10260800-n	guardavidas
spa-30-10260800-n	ili-30-10260800-n	salvavidas
spa-30-10260800-n	ili-30-10260800-n	socorrista
spa-30-10261388-n	ili-30-10261388-n	gabarrero
spa-30-10264928-n	ili-30-10264928-n	linkboy
spa-30-10264928-n	ili-30-10264928-n	linkman
spa-30-10265200-n	ili-30-10265200-n	cazador de leones
spa-30-10265891-n	ili-30-10265891-n	alistador
spa-30-10266016-n	ili-30-10266016-n	crítico literario
spa-30-10266848-n	ili-30-10266848-n	litigante
spa-30-10268422-n	ili-30-10268422-n	caballerizo
spa-30-10269078-n	ili-30-10269078-n	controlador de esclusa
spa-30-10269078-n	ili-30-10269078-n	controlador de escusa
spa-30-10269199-n	ili-30-10269199-n	cerrajero
spa-30-10275676-n	ili-30-10275676-n	ludista
spa-30-10277509-n	ili-30-10277509-n	luthier
spa-30-10277638-n	ili-30-10277638-n	laudista
spa-30-10277638-n	ili-30-10277638-n	tañedor de laúd
spa-30-10277912-n	ili-30-10277912-n	letrista
spa-30-10278456-n	ili-30-10278456-n	macebearer
spa-30-10278456-n	ili-30-10278456-n	macer
spa-30-10278456-n	ili-30-10278456-n	macero
spa-30-10279018-n	ili-30-10279018-n	maquinista
spa-30-10279018-n	ili-30-10279018-n	mecánico
spa-30-10279018-n	ili-30-10279018-n	mecánico de taller
spa-30-10279018-n	ili-30-10279018-n	operario
spa-30-10279867-n	ili-30-10279867-n	madrigalista
spa-30-10280674-n	ili-30-10280674-n	ilusionista
spa-30-10280674-n	ili-30-10280674-n	mago
spa-30-10280674-n	ili-30-10280674-n	prestidigitador
spa-30-10280674-n	ili-30-10280674-n	prestidigitadora
spa-30-10280945-n	ili-30-10280945-n	juez
spa-30-10280945-n	ili-30-10280945-n	juez de paz
spa-30-10280945-n	ili-30-10280945-n	magistrado
spa-30-10282374-n	ili-30-10282374-n	cornaca
spa-30-10282374-n	ili-30-10282374-n	mahout
spa-30-10282672-n	ili-30-10282672-n	ama
spa-30-10282672-n	ili-30-10282672-n	asistenta
spa-30-10282672-n	ili-30-10282672-n	chacha
spa-30-10282672-n	ili-30-10282672-n	cholera
spa-30-10282672-n	ili-30-10282672-n	chopa
spa-30-10282672-n	ili-30-10282672-n	criada
spa-30-10282672-n	ili-30-10282672-n	doméstica
spa-30-10282672-n	ili-30-10282672-n	doncella
spa-30-10282672-n	ili-30-10282672-n	doncella doméstica
spa-30-10282672-n	ili-30-10282672-n	gata
spa-30-10282672-n	ili-30-10282672-n	moza
spa-30-10282672-n	ili-30-10282672-n	nacha
spa-30-10282672-n	ili-30-10282672-n	sirvienta
spa-30-10283037-n	ili-30-10283037-n	cartero
spa-30-10283037-n	ili-30-10283037-n	correo
spa-30-10283170-n	ili-30-10283170-n	comandante
spa-30-10283170-n	ili-30-10283170-n	mayor
spa-30-10283546-n	ili-30-10283546-n	mayordomo
spa-30-10283546-n	ili-30-10283546-n	senescal
spa-30-10283663-n	ili-30-10283663-n	mariscal
spa-30-10289462-n	ili-30-10289462-n	directora
spa-30-10289462-n	ili-30-10289462-n	jefa
spa-30-10289766-n	ili-30-10289766-n	mandarin
spa-30-10290919-n	ili-30-10290919-n	manicura
spa-30-10290919-n	ili-30-10290919-n	manicurista
spa-30-10290919-n	ili-30-10290919-n	manicuro
spa-30-10291240-n	ili-30-10291240-n	maniquí
spa-30-10291240-n	ili-30-10291240-n	modelo
spa-30-10292192-n	ili-30-10292192-n	servidor
spa-30-10294139-n	ili-30-10294139-n	marine
spa-30-10294139-n	ili-30-10294139-n	marino
spa-30-10294318-n	ili-30-10294318-n	marino
spa-30-10294602-n	ili-30-10294602-n	lobo de mar
spa-30-10294602-n	ili-30-10294602-n	marinera
spa-30-10294602-n	ili-30-10294602-n	marinero
spa-30-10294602-n	ili-30-10294602-n	marino
spa-30-10294602-n	ili-30-10294602-n	navegante
spa-30-10296176-n	ili-30-10296176-n	mariscal
spa-30-10297531-n	ili-30-10297531-n	alarife
spa-30-10297531-n	ili-30-10297531-n	albañil
spa-30-10297531-n	ili-30-10297531-n	cantero
spa-30-10297531-n	ili-30-10297531-n	picapedrero
spa-30-10298912-n	ili-30-10298912-n	capitana
spa-30-10298912-n	ili-30-10298912-n	capitán
spa-30-10298912-n	ili-30-10298912-n	patrona
spa-30-10298912-n	ili-30-10298912-n	patrón
spa-30-10299250-n	ili-30-10299250-n	conductor
spa-30-10299250-n	ili-30-10299250-n	maestro de ceremonias
spa-30-10299250-n	ili-30-10299250-n	presentador
spa-30-10300041-n	ili-30-10300041-n	primer oficial
spa-30-10300041-n	ili-30-10300041-n	segundo
spa-30-10302446-n	ili-30-10302446-n	profesor de matemáticas
spa-30-10302576-n	ili-30-10302576-n	materfamilias
spa-30-10302576-n	ili-30-10302576-n	matriarca
spa-30-10303186-n	ili-30-10303186-n	enfermera jefe
spa-30-10305523-n	ili-30-10305523-n	practicante
spa-30-10305635-n	ili-30-10305635-n	médico
spa-30-10305635-n	ili-30-10305635-n	oficial médico
spa-30-10305802-n	ili-30-10305802-n	profesional de la medicina
spa-30-10308732-n	ili-30-10308732-n	remalladora
spa-30-10308732-n	ili-30-10308732-n	remendón
spa-30-10308732-n	ili-30-10308732-n	reparador
spa-30-10308938-n	ili-30-10308938-n	burro de carga
spa-30-10308938-n	ili-30-10308938-n	cenicienta
spa-30-10308938-n	ili-30-10308938-n	ceniciento
spa-30-10308938-n	ili-30-10308938-n	ganapán
spa-30-10308938-n	ili-30-10308938-n	lacayo
spa-30-10308938-n	ili-30-10308938-n	machaca
spa-30-10308938-n	ili-30-10308938-n	mandado
spa-30-10308938-n	ili-30-10308938-n	sirviente
spa-30-10313441-n	ili-30-10313441-n	mezzo
spa-30-10313441-n	ili-30-10313441-n	mezzo-soprano
spa-30-10313441-n	ili-30-10313441-n	mezzosoprano
spa-30-10314627-n	ili-30-10314627-n	vendedora parisina
spa-30-10314836-n	ili-30-10314836-n	comadre
spa-30-10314836-n	ili-30-10314836-n	comadrona
spa-30-10314836-n	ili-30-10314836-n	matrona
spa-30-10314836-n	ili-30-10314836-n	partera
spa-30-10314836-n	ili-30-10314836-n	partero
spa-30-10317007-n	ili-30-10317007-n	oficial
spa-30-10317717-n	ili-30-10317717-n	miliciano
spa-30-10317884-n	ili-30-10317884-n	lechero
spa-30-10317884-n	ili-30-10317884-n	repartidor de leche
spa-30-10318087-n	ili-30-10318087-n	molinero
spa-30-10318193-n	ili-30-10318193-n	molinera
spa-30-10318293-n	ili-30-10318293-n	operario
spa-30-10318892-n	ili-30-10318892-n	mimer
spa-30-10318892-n	ili-30-10318892-n	mimo
spa-30-10318892-n	ili-30-10318892-n	pantomimer
spa-30-10318892-n	ili-30-10318892-n	pantomimo
spa-30-10319580-n	ili-30-10319580-n	telépata
spa-30-10319796-n	ili-30-10319796-n	minera
spa-30-10319796-n	ili-30-10319796-n	minero
spa-30-10320695-n	ili-30-10320695-n	ministro diplomático
spa-30-10320863-n	ili-30-10320863-n	consejera
spa-30-10320863-n	ili-30-10320863-n	consejero
spa-30-10320863-n	ili-30-10320863-n	ministra
spa-30-10320863-n	ili-30-10320863-n	ministro
spa-30-10321474-n	ili-30-10321474-n	trobador
spa-30-10322957-n	ili-30-10322957-n	evangelista
spa-30-10322957-n	ili-30-10322957-n	evangelizador
spa-30-10322957-n	ili-30-10322957-n	misionera
spa-30-10322957-n	ili-30-10322957-n	misionero
spa-30-10324560-n	ili-30-10324560-n	maniquí
spa-30-10324560-n	ili-30-10324560-n	modelo
spa-30-10331841-n	ili-30-10331841-n	empresario de pompas fúnebres
spa-30-10331841-n	ili-30-10331841-n	funeral director
spa-30-10335123-n	ili-30-10335123-n	montador
spa-30-10336234-n	ili-30-10336234-n	empleado de mudanzas
spa-30-10336234-n	ili-30-10336234-n	empleados de mudanzas
spa-30-10338094-n	ili-30-10338094-n	acemilero
spa-30-10338094-n	ili-30-10338094-n	arriero
spa-30-10338094-n	ili-30-10338094-n	harriero
spa-30-10338094-n	ili-30-10338094-n	recuero
spa-30-10340312-n	ili-30-10340312-n	instrumentista
spa-30-10340312-n	ili-30-10340312-n	músico
spa-30-10341343-n	ili-30-10341343-n	profesor de música
spa-30-10341446-n	ili-30-10341446-n	mosquetero
spa-30-10344203-n	ili-30-10344203-n	chapuzas
spa-30-10347204-n	ili-30-10347204-n	bailarina hindu
spa-30-10347204-n	ili-30-10347204-n	bayadera
spa-30-10347446-n	ili-30-10347446-n	comandante naval
spa-30-10347593-n	ili-30-10347593-n	oficial de marina
spa-30-10347593-n	ili-30-10347593-n	oficial naval
spa-30-10348365-n	ili-30-10348365-n	navegante
spa-30-10354265-n	ili-30-10354265-n	neurólogo
spa-30-10354754-n	ili-30-10354754-n	neurocirujano
spa-30-10356450-n	ili-30-10356450-n	editor de un periódico
spa-30-10356450-n	ili-30-10356450-n	editor jefe
spa-30-10356592-n	ili-30-10356592-n	columnista
spa-30-10360747-n	ili-30-10360747-n	suboficial
spa-30-10363149-n	ili-30-10363149-n	escribana
spa-30-10363149-n	ili-30-10363149-n	escribano
spa-30-10363149-n	ili-30-10363149-n	notaria
spa-30-10363149-n	ili-30-10363149-n	notario
spa-30-10363360-n	ili-30-10363360-n	alguien que notifica
spa-30-10363573-n	ili-30-10363573-n	novelista
spa-30-10366966-n	ili-30-10366966-n	enfermera
spa-30-10366966-n	ili-30-10366966-n	enfermero
spa-30-10368113-n	ili-30-10368113-n	nuncio
spa-30-10368113-n	ili-30-10368113-n	nuncio apostólico
spa-30-10368920-n	ili-30-10368920-n	boga
spa-30-10368920-n	ili-30-10368920-n	bogador
spa-30-10368920-n	ili-30-10368920-n	remador
spa-30-10368920-n	ili-30-10368920-n	remero
spa-30-10369095-n	ili-30-10369095-n	remera
spa-30-10369317-n	ili-30-10369317-n	oboe
spa-30-10369317-n	ili-30-10369317-n	oboista
spa-30-10369317-n	ili-30-10369317-n	oboísta
spa-30-10369699-n	ili-30-10369699-n	obstetra
spa-30-10369699-n	ili-30-10369699-n	obstétrico
spa-30-10369699-n	ili-30-10369699-n	tocoginecólogo
spa-30-10369699-n	ili-30-10369699-n	tocólogo
spa-30-10370881-n	ili-30-10370881-n	escritor de odas
spa-30-10371221-n	ili-30-10371221-n	titular encargado
spa-30-10371330-n	ili-30-10371330-n	mandadero
spa-30-10371330-n	ili-30-10371330-n	ordenanza
spa-30-10371450-n	ili-30-10371450-n	funcionario
spa-30-10371450-n	ili-30-10371450-n	oficial
spa-30-10371741-n	ili-30-10371741-n	oficial
spa-30-10372373-n	ili-30-10372373-n	funcionario
spa-30-10373525-n	ili-30-10373525-n	oficial federal
spa-30-10373801-n	ili-30-10373801-n	agente
spa-30-10373801-n	ili-30-10373801-n	agente federal
spa-30-10374415-n	ili-30-10374415-n	engrasador
spa-30-10377633-n	ili-30-10377633-n	oncólogo
spa-30-10378290-n	ili-30-10378290-n	estrella de ópera
spa-30-10379073-n	ili-30-10379073-n	oculista
spa-30-10379073-n	ili-30-10379073-n	oftalmóloga
spa-30-10379073-n	ili-30-10379073-n	oftalmólogo
spa-30-10380000-n	ili-30-10380000-n	óptica
spa-30-10380000-n	ili-30-10380000-n	óptico
spa-30-10381804-n	ili-30-10381804-n	asistente de hospital
spa-30-10381981-n	ili-30-10381981-n	ordenanza
spa-30-10382825-n	ili-30-10382825-n	organista
spa-30-10383237-n	ili-30-10383237-n	organizador
spa-30-10384610-n	ili-30-10384610-n	ortodoncista
spa-30-10385159-n	ili-30-10385159-n	ortopedista
spa-30-10385159-n	ili-30-10385159-n	ortopédico
spa-30-10385354-n	ili-30-10385354-n	ortóptico
spa-30-10390427-n	ili-30-10390427-n	embalador
spa-30-10390427-n	ili-30-10390427-n	empaquetador
spa-30-10390427-n	ili-30-10390427-n	envasador
spa-30-10391086-n	ili-30-10391086-n	paje de armas
spa-30-10391086-n	ili-30-10391086-n	paje de lanzas
spa-30-10393909-n	ili-30-10393909-n	pintor
spa-30-10395605-n	ili-30-10395605-n	folletista
spa-30-10395605-n	ili-30-10395605-n	panfletista
spa-30-10396908-n	ili-30-10396908-n	repartidor de periódicos
spa-30-10397001-n	ili-30-10397001-n	empapelador
spa-30-10397886-n	ili-30-10397886-n	paralegal
spa-30-10398176-n	ili-30-10398176-n	paramedico
spa-30-10398176-n	ili-30-10398176-n	paramédica
spa-30-10398176-n	ili-30-10398176-n	paramédico
spa-30-10399019-n	ili-30-10399019-n	paraca
spa-30-10399019-n	ili-30-10399019-n	paracaidista
spa-30-10399019-n	ili-30-10399019-n	paracaidista militar
spa-30-10399895-n	ili-30-10399895-n	manicurista
spa-30-10399895-n	ili-30-10399895-n	manicuro
spa-30-10400998-n	ili-30-10400998-n	parodista
spa-30-10402824-n	ili-30-10402824-n	parte
spa-30-10404998-n	ili-30-10404998-n	trabajador que pega
spa-30-10405320-n	ili-30-10405320-n	pastelero
spa-30-10405320-n	ili-30-10405320-n	repostero
spa-30-10406765-n	ili-30-10406765-n	jefe de familia
spa-30-10406765-n	ili-30-10406765-n	paterfamilias
spa-30-10406765-n	ili-30-10406765-n	patriarca
spa-30-10410996-n	ili-30-10410996-n	campesino
spa-30-10410996-n	ili-30-10410996-n	labrador
spa-30-10414507-n	ili-30-10414507-n	cagatintas
spa-30-10414507-n	ili-30-10414507-n	chupatintas
spa-30-10414507-n	ili-30-10414507-n	tagarote
spa-30-10414507-n	ili-30-10414507-n	tinterillo
spa-30-10415037-n	ili-30-10415037-n	percusionista
spa-30-10415439-n	ili-30-10415439-n	perfeccionador
spa-30-10415638-n	ili-30-10415638-n	artista
spa-30-10415638-n	ili-30-10415638-n	ejecutante
spa-30-10415638-n	ili-30-10415638-n	intérprete
spa-30-10417843-n	ili-30-10417843-n	persona grata
spa-30-10417969-n	ili-30-10417969-n	persona non grata
spa-30-10420809-n	ili-30-10420809-n	suboficial de marina
spa-30-10421470-n	ili-30-10421470-n	apotecario
spa-30-10421470-n	ili-30-10421470-n	boticario
spa-30-10421470-n	ili-30-10421470-n	farmacéutica
spa-30-10421470-n	ili-30-10421470-n	farmacéutico
spa-30-10421753-n	ili-30-10421753-n	farmacóloga
spa-30-10421753-n	ili-30-10421753-n	farmacólogo
spa-30-10427103-n	ili-30-10427103-n	modelo de fotógrafia
spa-30-10430665-n	ili-30-10430665-n	pianista
spa-30-10431224-n	ili-30-10431224-n	profesor de piano
spa-30-10431514-n	ili-30-10431514-n	arrancador
spa-30-10431514-n	ili-30-10431514-n	recolector
spa-30-10433164-n	ili-30-10433164-n	piloto
spa-30-10433452-n	ili-30-10433452-n	piloto
spa-30-10435041-n	ili-30-10435041-n	flautista
spa-30-10435041-n	ili-30-10435041-n	gaitera
spa-30-10435041-n	ili-30-10435041-n	gaitero
spa-30-10437137-n	ili-30-10437137-n	minero de dragado
spa-30-10437852-n	ili-30-10437852-n	actor
spa-30-10437852-n	ili-30-10437852-n	actora
spa-30-10437852-n	ili-30-10437852-n	acusador
spa-30-10437852-n	ili-30-10437852-n	acusadora
spa-30-10437852-n	ili-30-10437852-n	demandante
spa-30-10437852-n	ili-30-10437852-n	querellante
spa-30-10438842-n	ili-30-10438842-n	enlucidor
spa-30-10438842-n	ili-30-10438842-n	yesero
spa-30-10439087-n	ili-30-10439087-n	asentador de vías
spa-30-10439087-n	ili-30-10439087-n	obrero de ferrocarriles
spa-30-10439087-n	ili-30-10439087-n	trabajador del ferrocarril
spa-30-10439203-n	ili-30-10439203-n	chapista
spa-30-10441124-n	ili-30-10441124-n	ídolo
spa-30-10441962-n	ili-30-10441962-n	ministro plenipotenciario
spa-30-10441962-n	ili-30-10441962-n	plenipotenciario
spa-30-10442573-n	ili-30-10442573-n	mapeador
spa-30-10442815-n	ili-30-10442815-n	arador
spa-30-10442815-n	ili-30-10442815-n	labrador
spa-30-10442923-n	ili-30-10442923-n	forjador de arados
spa-30-10443032-n	ili-30-10443032-n	fontanero
spa-30-10443032-n	ili-30-10443032-n	lampista
spa-30-10443032-n	ili-30-10443032-n	plomero
spa-30-10444194-n	ili-30-10444194-n	poeta
spa-30-10444194-n	ili-30-10444194-n	poetisa
spa-30-10444194-n	ili-30-10444194-n	versificador
spa-30-10447255-n	ili-30-10447255-n	poetisa
spa-30-10447359-n	ili-30-10447359-n	poeta laureado
spa-30-10448065-n	ili-30-10448065-n	ojeador
spa-30-10448670-n	ili-30-10448670-n	polemista
spa-30-10448670-n	ili-30-10448670-n	polémica
spa-30-10448834-n	ili-30-10448834-n	comisionado de la policía
spa-30-10448834-n	ili-30-10448834-n	jefe de policía
spa-30-10455305-n	ili-30-10455305-n	mozo
spa-30-10455305-n	ili-30-10455305-n	mozo de ferrocarril
spa-30-10455447-n	ili-30-10455447-n	changador
spa-30-10455447-n	ili-30-10455447-n	changarín
spa-30-10455447-n	ili-30-10455447-n	faquín
spa-30-10455447-n	ili-30-10455447-n	fardero
spa-30-10455447-n	ili-30-10455447-n	ganapán
spa-30-10455447-n	ili-30-10455447-n	mozo de cordel
spa-30-10455447-n	ili-30-10455447-n	mozo de cuerda
spa-30-10455447-n	ili-30-10455447-n	mozo de esquina
spa-30-10455447-n	ili-30-10455447-n	palanquín
spa-30-10459116-n	ili-30-10459116-n	empleado de correos
spa-30-10459116-n	ili-30-10459116-n	empleado postal
spa-30-10460806-n	ili-30-10460806-n	alfarero
spa-30-10460806-n	ili-30-10460806-n	cantarero
spa-30-10460806-n	ili-30-10460806-n	ceramista
spa-30-10462860-n	ili-30-10462860-n	practicante
spa-30-10462860-n	ili-30-10462860-n	práctico
spa-30-10463028-n	ili-30-10463028-n	pretor
spa-30-10464542-n	ili-30-10464542-n	preceptor
spa-30-10465128-n	ili-30-10465128-n	prefecto
spa-30-10465831-n	ili-30-10465831-n	presbítero
spa-30-10467179-n	ili-30-10467179-n	presidenta
spa-30-10467179-n	ili-30-10467179-n	presidente
spa-30-10467179-n	ili-30-10467179-n	presidente de la república
spa-30-10468559-n	ili-30-10468559-n	director
spa-30-10468559-n	ili-30-10468559-n	directora
spa-30-10468559-n	ili-30-10468559-n	presidenta
spa-30-10468559-n	ili-30-10468559-n	presidente
spa-30-10468750-n	ili-30-10468750-n	prexy
spa-30-10468750-n	ili-30-10468750-n	rector
spa-30-10468962-n	ili-30-10468962-n	moderador
spa-30-10468962-n	ili-30-10468962-n	presidenta
spa-30-10468962-n	ili-30-10468962-n	presidente
spa-30-10471640-n	ili-30-10471640-n	primera bailarina
spa-30-10471732-n	ili-30-10471732-n	diva
spa-30-10471732-n	ili-30-10471732-n	prima dona
spa-30-10471732-n	ili-30-10471732-n	prima donna
spa-30-10471732-n	ili-30-10471732-n	primadona
spa-30-10471948-n	ili-30-10471948-n	médico de atención primaria
spa-30-10474645-n	ili-30-10474645-n	director
spa-30-10474645-n	ili-30-10474645-n	directora
spa-30-10475297-n	ili-30-10475297-n	impresor
spa-30-10476467-n	ili-30-10476467-n	soldado raso
spa-30-10476928-n	ili-30-10476928-n	corsario
spa-30-10478462-n	ili-30-10478462-n	procónsul
spa-30-10478827-n	ili-30-10478827-n	proctólogo
spa-30-10479135-n	ili-30-10479135-n	procurador
spa-30-10480253-n	ili-30-10480253-n	profesional
spa-30-10480253-n	ili-30-10480253-n	profesionista
spa-30-10480730-n	ili-30-10480730-n	catedrático
spa-30-10480730-n	ili-30-10480730-n	profesor
spa-30-10480730-n	ili-30-10480730-n	profesora
spa-30-10481561-n	ili-30-10481561-n	proyeccionista
spa-30-10482414-n	ili-30-10482414-n	apuntador
spa-30-10482768-n	ili-30-10482768-n	corrector
spa-30-10483395-n	ili-30-10483395-n	propman
spa-30-10484858-n	ili-30-10484858-n	fiscal
spa-30-10484858-n	ili-30-10484858-n	procurador
spa-30-10484858-n	ili-30-10484858-n	procuradora
spa-30-10485298-n	ili-30-10485298-n	explorador
spa-30-10485298-n	ili-30-10485298-n	prospector
spa-30-10486468-n	ili-30-10486468-n	preboste
spa-30-10488016-n	ili-30-10488016-n	loquero
spa-30-10488016-n	ili-30-10488016-n	psiquiatra
spa-30-10488016-n	ili-30-10488016-n	siquiatra
spa-30-10490421-n	ili-30-10490421-n	cantinero
spa-30-10490421-n	ili-30-10490421-n	publicano
spa-30-10490421-n	ili-30-10490421-n	tabernero
spa-30-10490557-n	ili-30-10490557-n	abogado de oficio
spa-30-10490557-n	ili-30-10490557-n	abogado de pobres
spa-30-10491309-n	ili-30-10491309-n	editor
spa-30-10493093-n	ili-30-10493093-n	equivoquista
spa-30-10493685-n	ili-30-10493685-n	guiñolista
spa-30-10493685-n	ili-30-10493685-n	marionetista
spa-30-10493685-n	ili-30-10493685-n	titiritero
spa-30-10494643-n	ili-30-10494643-n	sobrecargo
spa-30-10497135-n	ili-30-10497135-n	cadí
spa-30-10497135-n	ili-30-10497135-n	quadi
spa-30-10497202-n	ili-30-10497202-n	curandero
spa-30-10497775-n	ili-30-10497775-n	cuestor
spa-30-10498551-n	ili-30-10498551-n	cantero
spa-30-10498551-n	ili-30-10498551-n	pedrero
spa-30-10498551-n	ili-30-10498551-n	picapedrero
spa-30-10498986-n	ili-30-10498986-n	furriel
spa-30-10498986-n	ili-30-10498986-n	furrier
spa-30-10499110-n	ili-30-10499110-n	intendente
spa-30-10503965-n	ili-30-10503965-n	radiógrafo
spa-30-10504206-n	ili-30-10504206-n	radioterapeuta
spa-30-10504206-n	ili-30-10504206-n	radiólogo
spa-30-10506544-n	ili-30-10506544-n	ranchero
spa-30-10506544-n	ili-30-10506544-n	vaquero
spa-30-10506762-n	ili-30-10506762-n	chusquero
spa-30-10506915-n	ili-30-10506915-n	chusquero
spa-30-10507565-n	ili-30-10507565-n	ponente
spa-30-10507565-n	ili-30-10507565-n	relator
spa-30-10508379-n	ili-30-10508379-n	recluta nuevo
spa-30-10509063-n	ili-30-10509063-n	profesor de lectura
spa-30-10510245-n	ili-30-10510245-n	contraalmirante
spa-30-10510245-n	ili-30-10510245-n	contralmirante
spa-30-10511069-n	ili-30-10511069-n	recepcionista
spa-30-10511649-n	ili-30-10511649-n	concertista
spa-30-10512372-n	ili-30-10512372-n	recluta
spa-30-10512562-n	ili-30-10512562-n	reclutador
spa-30-10512859-n	ili-30-10512859-n	sargento de reclutamiento
spa-30-10512859-n	ili-30-10512859-n	sargento reclutador
spa-30-10513120-n	ili-30-10513120-n	redactor
spa-30-10513120-n	ili-30-10513120-n	refundidor
spa-30-10513120-n	ili-30-10513120-n	revisor
spa-30-10513386-n	ili-30-10513386-n	mozo de estación
spa-30-10514784-n	ili-30-10514784-n	refinador
spa-30-10514962-n	ili-30-10514962-n	restaurador
spa-30-10516874-n	ili-30-10516874-n	grabador
spa-30-10516874-n	ili-30-10516874-n	grabadora
spa-30-10516874-n	ili-30-10516874-n	registrador
spa-30-10517032-n	ili-30-10517032-n	registrador
spa-30-10517137-n	ili-30-10517137-n	registrador
spa-30-10517743-n	ili-30-10517743-n	regular
spa-30-10517826-n	ili-30-10517826-n	regulador
spa-30-10519984-n	ili-30-10519984-n	empleado de mudanzas
spa-30-10521100-n	ili-30-10521100-n	reparador
spa-30-10523341-n	ili-30-10523341-n	reservista
spa-30-10528023-n	ili-30-10528023-n	reumatólogo
spa-30-10528493-n	ili-30-10528493-n	poetiser
spa-30-10528493-n	ili-30-10528493-n	poetizer
spa-30-10528493-n	ili-30-10528493-n	versificador
spa-30-10529103-n	ili-30-10529103-n	richard roe
spa-30-10530383-n	ili-30-10530383-n	profesor de equitación
spa-30-10530571-n	ili-30-10530571-n	escopetero
spa-30-10530571-n	ili-30-10530571-n	riflero
spa-30-10531109-n	ili-30-10531109-n	factótum
spa-30-10531109-n	ili-30-10531109-n	mano derecha
spa-30-10531948-n	ili-30-10531948-n	director de circo
spa-30-10533541-n	ili-30-10533541-n	remachador
spa-30-10538272-n	ili-30-10538272-n	constructor de tejados
spa-30-10538272-n	ili-30-10538272-n	techador
spa-30-10538629-n	ili-30-10538629-n	cordelero
spa-30-10540735-n	ili-30-10540735-n	repartidor
spa-30-10544940-n	ili-30-10544940-n	sagamore
spa-30-10546428-n	ili-30-10546428-n	navegante
spa-30-10546633-n	ili-30-10546633-n	marinero
spa-30-10546633-n	ili-30-10546633-n	tripulante
spa-30-10548227-n	ili-30-10548227-n	comerciante
spa-30-10548227-n	ili-30-10548227-n	dependiente
spa-30-10548227-n	ili-30-10548227-n	empleado
spa-30-10548227-n	ili-30-10548227-n	tendero
spa-30-10548227-n	ili-30-10548227-n	vendedor
spa-30-10548419-n	ili-30-10548419-n	dependienta
spa-30-10548419-n	ili-30-10548419-n	vendedora
spa-30-10548537-n	ili-30-10548537-n	vendedor
spa-30-10548681-n	ili-30-10548681-n	comerciante
spa-30-10548681-n	ili-30-10548681-n	dependiente
spa-30-10548681-n	ili-30-10548681-n	vendedor
spa-30-10552742-n	ili-30-10552742-n	panfletista
spa-30-10552742-n	ili-30-10552742-n	satírico
spa-30-10554141-n	ili-30-10554141-n	aserrador
spa-30-10554243-n	ili-30-10554243-n	saxo
spa-30-10554243-n	ili-30-10554243-n	saxofonista
spa-30-10554243-n	ili-30-10554243-n	saxofón
spa-30-10554243-n	ili-30-10554243-n	saxófono
spa-30-10554455-n	ili-30-10554455-n	carnero
spa-30-10554455-n	ili-30-10554455-n	esquirol
spa-30-10554455-n	ili-30-10554455-n	rompe-huelga
spa-30-10554455-n	ili-30-10554455-n	rompe-huelgas
spa-30-10554455-n	ili-30-10554455-n	rompehuelgas
spa-30-10555936-n	ili-30-10555936-n	escenarista
spa-30-10555936-n	ili-30-10555936-n	guionista
spa-30-10556033-n	ili-30-10556033-n	escenógrafo
spa-30-10556033-n	ili-30-10556033-n	pintor de escena
spa-30-10556124-n	ili-30-10556124-n	tramoyista
spa-30-10559840-n	ili-30-10559840-n	maestra
spa-30-10559840-n	ili-30-10559840-n	profesora
spa-30-10560352-n	ili-30-10560352-n	maestra
spa-30-10560352-n	ili-30-10560352-n	maestro
spa-30-10560352-n	ili-30-10560352-n	profesor
spa-30-10560352-n	ili-30-10560352-n	profesora
spa-30-10560548-n	ili-30-10560548-n	profesor de ciencias
spa-30-10562645-n	ili-30-10562645-n	fregona
spa-30-10562645-n	ili-30-10562645-n	fregón
spa-30-10564400-n	ili-30-10564400-n	escritor de cine
spa-30-10564400-n	ili-30-10564400-n	guionista
spa-30-10564660-n	ili-30-10564660-n	pendolista
spa-30-10565951-n	ili-30-10565951-n	marmitón
spa-30-10565951-n	ili-30-10565951-n	pinche
spa-30-10567172-n	ili-30-10567172-n	marinero polémico
spa-30-10567722-n	ili-30-10567722-n	estacional
spa-30-10568083-n	ili-30-10568083-n	padrino
spa-30-10568915-n	ili-30-10568915-n	segundo de abordo
spa-30-10569011-n	ili-30-10569011-n	alférez
spa-30-10569011-n	ili-30-10569011-n	subteniente
spa-30-10569744-n	ili-30-10569744-n	secretaria
spa-30-10569744-n	ili-30-10569744-n	secretario
spa-30-10570019-n	ili-30-10570019-n	secretaria
spa-30-10570019-n	ili-30-10570019-n	secretario
spa-30-10570429-n	ili-30-10570429-n	ministro de justicia
spa-30-10570704-n	ili-30-10570704-n	ministro de agricultura
spa-30-10570961-n	ili-30-10570961-n	ministro de comercio
spa-30-10571202-n	ili-30-10571202-n	ministro de defensa
spa-30-10571435-n	ili-30-10571435-n	ministro de educación
spa-30-10571670-n	ili-30-10571670-n	ministro de energía
spa-30-10571907-n	ili-30-10571907-n	ministro de sanidad
spa-30-10572469-n	ili-30-10572469-n	ministro de trabajo
spa-30-10572706-n	ili-30-10572706-n	secretario de estado
spa-30-10572889-n	ili-30-10572889-n	ministro de interior
spa-30-10573129-n	ili-30-10573129-n	ministro de hacienda
spa-30-10573349-n	ili-30-10573349-n	ministro de transporte
spa-30-10573829-n	ili-30-10573829-n	secretaria general
spa-30-10573829-n	ili-30-10573829-n	secretario general
spa-30-10574958-n	ili-30-10574958-n	jefe de seguridad
spa-30-10580772-n	ili-30-10580772-n	sargento
spa-30-10582032-n	ili-30-10582032-n	inmunólogo
spa-30-10582154-n	ili-30-10582154-n	criado
spa-30-10582154-n	ili-30-10582154-n	servidor
spa-30-10582154-n	ili-30-10582154-n	sirviente
spa-30-10582507-n	ili-30-10582507-n	sirvienta
spa-30-10582746-n	ili-30-10582746-n	militar
spa-30-10583250-n	ili-30-10583250-n	servidor
spa-30-10583250-n	ili-30-10583250-n	sirviente
spa-30-10583790-n	ili-30-10583790-n	empleado de apuestas
spa-30-10585217-n	ili-30-10585217-n	sacristán
spa-30-10586444-n	ili-30-10586444-n	aparcero
spa-30-10586444-n	ili-30-10586444-n	chacarero
spa-30-10587605-n	ili-30-10587605-n	ovejero
spa-30-10587605-n	ili-30-10587605-n	pastor
spa-30-10587605-n	ili-30-10587605-n	pastor de ovejas
spa-30-10587605-n	ili-30-10587605-n	pastora
spa-30-10589066-n	ili-30-10589066-n	pastora
spa-30-10589402-n	ili-30-10589402-n	socio del apostador
spa-30-10589402-n	ili-30-10589402-n	socio del estafador
spa-30-10589402-n	ili-30-10589402-n	testaferro
spa-30-10590764-n	ili-30-10590764-n	calafate
spa-30-10590764-n	ili-30-10590764-n	calafateador
spa-30-10592049-n	ili-30-10592049-n	dependienta
spa-30-10593618-n	ili-30-10593618-n	excavador
spa-30-10593618-n	ili-30-10593618-n	paleador
spa-30-10597091-n	ili-30-10597091-n	guardavía
spa-30-10597642-n	ili-30-10597642-n	rotulista
spa-30-10599806-n	ili-30-10599806-n	cantante
spa-30-10599806-n	ili-30-10599806-n	cantor
spa-30-10599806-n	ili-30-10599806-n	cantora
spa-30-10599806-n	ili-30-10599806-n	vocalista
spa-30-10605985-n	ili-30-10605985-n	especialista
spa-30-10605985-n	ili-30-10605985-n	trabajador calificado
spa-30-10605985-n	ili-30-10605985-n	trabajador cualificado
spa-30-10605985-n	ili-30-10605985-n	trabajadora calificada
spa-30-10605985-n	ili-30-10605985-n	trabajadora cualificada
spa-30-10607933-n	ili-30-10607933-n	fregona
spa-30-10608073-n	ili-30-10608073-n	mozo de aeropuerto
spa-30-10609556-n	ili-30-10609556-n	esclava
spa-30-10609556-n	ili-30-10609556-n	esclavo
spa-30-10614629-n	ili-30-10614629-n	herrero
spa-30-10615584-n	ili-30-10615584-n	encantador de serpientes
spa-30-10618234-n	ili-30-10618234-n	periodista del corazón
spa-30-10619888-n	ili-30-10619888-n	secretario particular
spa-30-10620027-n	ili-30-10620027-n	asistente social
spa-30-10620027-n	ili-30-10620027-n	trabajador social
spa-30-10621294-n	ili-30-10621294-n	dependiente de cafetería
spa-30-10621941-n	ili-30-10621941-n	soldador
spa-30-10622053-n	ili-30-10622053-n	soldado
spa-30-10623175-n	ili-30-10623175-n	notario
spa-30-10623175-n	ili-30-10623175-n	procurador de los tribunales
spa-30-10623650-n	ili-30-10623650-n	concertista
spa-30-10623650-n	ili-30-10623650-n	solista
spa-30-10623806-n	ili-30-10623806-n	camarero de vinos
spa-30-10623806-n	ili-30-10623806-n	maitre de vinos
spa-30-10623806-n	ili-30-10623806-n	somelier
spa-30-10623806-n	ili-30-10623806-n	sumiller
spa-30-10624437-n	ili-30-10624437-n	cantante
spa-30-10625000-n	ili-30-10625000-n	sonetista
spa-30-10625546-n	ili-30-10625546-n	soprano
spa-30-10625546-n	ili-30-10625546-n	tiple
spa-30-10627714-n	ili-30-10627714-n	colono
spa-30-10628368-n	ili-30-10628368-n	johnny
spa-30-10632576-n	ili-30-10632576-n	especialista
spa-30-10638813-n	ili-30-10638813-n	cafiche
spa-30-10638813-n	ili-30-10638813-n	gorrón
spa-30-10640084-n	ili-30-10640084-n	cronista deportivo
spa-30-10640084-n	ili-30-10640084-n	escritor deportivo
spa-30-10640084-n	ili-30-10640084-n	periodista de deportes
spa-30-10643937-n	ili-30-10643937-n	escudero
spa-30-10644062-n	ili-30-10644062-n	escudero
spa-30-10644301-n	ili-30-10644301-n	mozo de cuadra
spa-30-10644301-n	ili-30-10644301-n	mozo de establo
spa-30-10645392-n	ili-30-10645392-n	tramoyista
spa-30-10646433-n	ili-30-10646433-n	recechor
spa-30-10648696-n	ili-30-10648696-n	estrella
spa-30-10648696-n	ili-30-10648696-n	protagonista
spa-30-10649962-n	ili-30-10649962-n	abogado del estado
spa-30-10654015-n	ili-30-10654015-n	amanuense
spa-30-10654015-n	ili-30-10654015-n	copista
spa-30-10654015-n	ili-30-10654015-n	escribiente
spa-30-10654015-n	ili-30-10654015-n	estenógrafo
spa-30-10654015-n	ili-30-10654015-n	taquimecanógrafo
spa-30-10654015-n	ili-30-10654015-n	taquígrafo
spa-30-10655169-n	ili-30-10655169-n	arrumador
spa-30-10655169-n	ili-30-10655169-n	cargador
spa-30-10655169-n	ili-30-10655169-n	estiba
spa-30-10655169-n	ili-30-10655169-n	estibador
spa-30-10655594-n	ili-30-10655594-n	aeromoza
spa-30-10655594-n	ili-30-10655594-n	aeromozo
spa-30-10655594-n	ili-30-10655594-n	auxiliar de vuelo
spa-30-10655594-n	ili-30-10655594-n	azafata
spa-30-10655594-n	ili-30-10655594-n	azafato
spa-30-10655594-n	ili-30-10655594-n	sobrecargo
spa-30-10655730-n	ili-30-10655730-n	administrador
spa-30-10655730-n	ili-30-10655730-n	mozo
spa-30-10655875-n	ili-30-10655875-n	aeromoza
spa-30-10655875-n	ili-30-10655875-n	azafata
spa-30-10656969-n	ili-30-10656969-n	estipendiario
spa-30-10659042-n	ili-30-10659042-n	fogonero
spa-30-10659188-n	ili-30-10659188-n	picapedrero
spa-30-10659294-n	ili-30-10659294-n	cantero
spa-30-10659294-n	ili-30-10659294-n	cincelador
spa-30-10659294-n	ili-30-10659294-n	picapedrero
spa-30-10660621-n	ili-30-10660621-n	piloto de combate
spa-30-10660883-n	ili-30-10660883-n	comparsa
spa-30-10660883-n	ili-30-10660883-n	payaso serio
spa-30-10662046-n	ili-30-10662046-n	encordador
spa-30-10662046-n	ili-30-10662046-n	engarzador
spa-30-10662474-n	ili-30-10662474-n	barredero
spa-30-10662474-n	ili-30-10662474-n	barrendero
spa-30-10663549-n	ili-30-10663549-n	camillero
spa-30-10664340-n	ili-30-10664340-n	artista de striptease
spa-30-10664340-n	ili-30-10664340-n	estriptista
spa-30-10664340-n	ili-30-10664340-n	stripper
spa-30-10664340-n	ili-30-10664340-n	striptease
spa-30-10664340-n	ili-30-10664340-n	stripteaser
spa-30-10667709-n	ili-30-10667709-n	alférez
spa-30-10669357-n	ili-30-10669357-n	submarinista
spa-30-10672192-n	ili-30-10672192-n	peticionario
spa-30-10675346-n	ili-30-10675346-n	sobrecargo
spa-30-10676319-n	ili-30-10676319-n	supermodelo
spa-30-10676569-n	ili-30-10676569-n	comparsa
spa-30-10676569-n	ili-30-10676569-n	extra
spa-30-10676569-n	ili-30-10676569-n	figurante
spa-30-10676569-n	ili-30-10676569-n	staffage
spa-30-10676569-n	ili-30-10676569-n	supernumerario
spa-30-10679174-n	ili-30-10679174-n	cirujana
spa-30-10679174-n	ili-30-10679174-n	cirujano
spa-30-10679174-n	ili-30-10679174-n	matasanos
spa-30-10679503-n	ili-30-10679503-n	cirujano jefe
spa-30-10682169-n	ili-30-10682169-n	swagman
spa-30-10682713-n	ili-30-10682713-n	barrendero
spa-30-10683593-n	ili-30-10683593-n	porquerizo
spa-30-10683593-n	ili-30-10683593-n	porquero
spa-30-10690268-n	ili-30-10690268-n	medidor
spa-30-10690648-n	ili-30-10690648-n	tanquista
spa-30-10690742-n	ili-30-10690742-n	curtidor
spa-30-10690742-n	ili-30-10690742-n	zurrador
spa-30-10691148-n	ili-30-10691148-n	bailarín de claqué
spa-30-10691764-n	ili-30-10691764-n	bodeguero
spa-30-10691764-n	ili-30-10691764-n	tapster
spa-30-10692883-n	ili-30-10692883-n	evaluador
spa-30-10692883-n	ili-30-10692883-n	evaluadora
spa-30-10692883-n	ili-30-10692883-n	tasador
spa-30-10692883-n	ili-30-10692883-n	tasadora
spa-30-10693052-n	ili-30-10693052-n	recaudador de impuestos
spa-30-10693235-n	ili-30-10693235-n	autoridad impositiva
spa-30-10693459-n	ili-30-10693459-n	taxidermista
spa-30-10694258-n	ili-30-10694258-n	instructor
spa-30-10694258-n	ili-30-10694258-n	maestra
spa-30-10694258-n	ili-30-10694258-n	maestro
spa-30-10694258-n	ili-30-10694258-n	monitor
spa-30-10694258-n	ili-30-10694258-n	profesor
spa-30-10694258-n	ili-30-10694258-n	profesora
spa-30-10694939-n	ili-30-10694939-n	profesor asistente
spa-30-10695822-n	ili-30-10695822-n	cardador
spa-30-10695917-n	ili-30-10695917-n	techie
spa-30-10696251-n	ili-30-10696251-n	técnico
spa-30-10698550-n	ili-30-10698550-n	estrella de televisión
spa-30-10699099-n	ili-30-10699099-n	escrutador
spa-30-10699099-n	ili-30-10699099-n	secretario
spa-30-10699415-n	ili-30-10699415-n	eventual
spa-30-10699415-n	ili-30-10699415-n	temp
spa-30-10699415-n	ili-30-10699415-n	temporero
spa-30-10699415-n	ili-30-10699415-n	trabajdor temporal
spa-30-10700105-n	ili-30-10700105-n	trabajador
spa-30-10701783-n	ili-30-10701783-n	tenor
spa-30-10701962-n	ili-30-10701962-n	tenorist
spa-30-10704098-n	ili-30-10704098-n	piloto de pruebas
spa-30-10705211-n	ili-30-10705211-n	techador
spa-30-10710171-n	ili-30-10710171-n	turiferario
spa-30-10710913-n	ili-30-10710913-n	baldosador
spa-30-10710913-n	ili-30-10710913-n	embaldosador
spa-30-10710913-n	ili-30-10710913-n	enbaldosador
spa-30-10711370-n	ili-30-10711370-n	cronometrador
spa-30-10711852-n	ili-30-10711852-n	calderero
spa-30-10712374-n	ili-30-10712374-n	chapista
spa-30-10712374-n	ili-30-10712374-n	estañero
spa-30-10712374-n	ili-30-10712374-n	hojalatero
spa-30-10712374-n	ili-30-10712374-n	lampista
spa-30-10712374-n	ili-30-10712374-n	latero
spa-30-10713686-n	ili-30-10713686-n	anunciador de brindis
spa-30-10716286-n	ili-30-10716286-n	agraviador
spa-30-10716286-n	ili-30-10716286-n	causante del daño
spa-30-10716286-n	ili-30-10716286-n	injuriador
spa-30-10719036-n	ili-30-10719036-n	secretario del ayuntamiento
spa-30-10719036-n	ili-30-10719036-n	secretario municipal
spa-30-10720097-n	ili-30-10720097-n	rastreador
spa-30-10720964-n	ili-30-10720964-n	miembro del sindicato
spa-30-10720964-n	ili-30-10720964-n	sindicalista
spa-30-10720964-n	ili-30-10720964-n	unionista
spa-30-10721612-n	ili-30-10721612-n	actor trágico
spa-30-10721612-n	ili-30-10721612-n	actriz trágica
spa-30-10721708-n	ili-30-10721708-n	escritor de tragedias
spa-30-10721708-n	ili-30-10721708-n	trágico
spa-30-10721819-n	ili-30-10721819-n	actriz dramática
spa-30-10722758-n	ili-30-10722758-n	empleado del ferrocarril
spa-30-10722758-n	ili-30-10722758-n	ferroviario
spa-30-10726233-n	ili-30-10726233-n	cepero
spa-30-10726233-n	ili-30-10726233-n	trampero
spa-30-10726786-n	ili-30-10726786-n	corredor
spa-30-10726786-n	ili-30-10726786-n	representante comercial
spa-30-10726786-n	ili-30-10726786-n	representante de ventas
spa-30-10726786-n	ili-30-10726786-n	viajante
spa-30-10728361-n	ili-30-10728361-n	procurador
spa-30-10728523-n	ili-30-10728523-n	juez procesal
spa-30-10730262-n	ili-30-10730262-n	triunviro
spa-30-10730416-n	ili-30-10730416-n	trombonista
spa-30-10730416-n	ili-30-10730416-n	trombón
spa-30-10731560-n	ili-30-10731560-n	conciliador
spa-30-10731560-n	ili-30-10731560-n	mediador
spa-30-10732010-n	ili-30-10732010-n	trompeta
spa-30-10732010-n	ili-30-10732010-n	trompetero
spa-30-10732010-n	ili-30-10732010-n	trompetista
spa-30-10732212-n	ili-30-10732212-n	trustbuster
spa-30-10733117-n	ili-30-10733117-n	afinador
spa-30-10733117-n	ili-30-10733117-n	afinador de pianos
spa-30-10733487-n	ili-30-10733487-n	tornero
spa-30-10734963-n	ili-30-10734963-n	timbalero
spa-30-10735173-n	ili-30-10735173-n	dactilógrafa
spa-30-10735173-n	ili-30-10735173-n	dactilógrafo
spa-30-10735173-n	ili-30-10735173-n	mecanógrafa
spa-30-10735173-n	ili-30-10735173-n	mecanógrafo
spa-30-10735173-n	ili-30-10735173-n	teclista
spa-30-10736788-n	ili-30-10736788-n	subsecretario
spa-30-10736788-n	ili-30-10736788-n	subsecretaría
spa-30-10737103-n	ili-30-10737103-n	suplente
spa-30-10739391-n	ili-30-10739391-n	soldado desconocido
spa-30-10740482-n	ili-30-10740482-n	tapicero
spa-30-10741493-n	ili-30-10741493-n	urólogo
spa-30-10741821-n	ili-30-10741821-n	acomodador
spa-30-10741821-n	ili-30-10741821-n	guía
spa-30-10742005-n	ili-30-10742005-n	acomodadora
spa-30-10742111-n	ili-30-10742111-n	portero
spa-30-10742111-n	ili-30-10742111-n	ujier
spa-30-10745332-n	ili-30-10745332-n	ayuda de cámara
spa-30-10745332-n	ili-30-10745332-n	hombre de confianza
spa-30-10745332-n	ili-30-10745332-n	valet
spa-30-10746460-n	ili-30-10746460-n	barnizador
spa-30-10746799-n	ili-30-10746799-n	artista de vodevil
spa-30-10746799-n	ili-30-10746799-n	vodevilista
spa-30-10747815-n	ili-30-10747815-n	ventrílocuo
spa-30-10748309-n	ili-30-10748309-n	rapavelas
spa-30-10748309-n	ili-30-10748309-n	sacristán
spa-30-10749353-n	ili-30-10749353-n	excombatiente
spa-30-10749353-n	ili-30-10749353-n	veterano
spa-30-10749715-n	ili-30-10749715-n	albéitar
spa-30-10749715-n	ili-30-10749715-n	veterinaria
spa-30-10749715-n	ili-30-10749715-n	veterinario
spa-30-10750640-n	ili-30-10750640-n	vicario general
spa-30-10750788-n	ili-30-10750788-n	vicealmirante
spa-30-10750911-n	ili-30-10750911-n	vicepresidente
spa-30-10751026-n	ili-30-10751026-n	vicecanciller
spa-30-10751265-n	ili-30-10751265-n	vicepresidente
spa-30-10753339-n	ili-30-10753339-n	vigilante
spa-30-10754578-n	ili-30-10754578-n	violinista
spa-30-10754578-n	ili-30-10754578-n	violín
spa-30-10757050-n	ili-30-10757050-n	lector
spa-30-10757050-n	ili-30-10757050-n	lectora
spa-30-10757050-n	ili-30-10757050-n	profesor visitante
spa-30-10757050-n	ili-30-10757050-n	profesora visitante
spa-30-10758445-n	ili-30-10758445-n	visir
spa-30-10758713-n	ili-30-10758713-n	voz
spa-30-10758949-n	ili-30-10758949-n	afinador de órganos
spa-30-10759151-n	ili-30-10759151-n	voluntario
spa-30-10759331-n	ili-30-10759331-n	voluntario
spa-30-10761519-n	ili-30-10761519-n	vulcaniser
spa-30-10761519-n	ili-30-10761519-n	vulcanizador
spa-30-10762342-n	ili-30-10762342-n	bromista
spa-30-10762342-n	ili-30-10762342-n	chistoso
spa-30-10762607-n	ili-30-10762607-n	carrero
spa-30-10762607-n	ili-30-10762607-n	carretero
spa-30-10762607-n	ili-30-10762607-n	tartanero
spa-30-10762693-n	ili-30-10762693-n	fabricante de carros
spa-30-10763383-n	ili-30-10763383-n	camarera
spa-30-10763383-n	ili-30-10763383-n	camarero
spa-30-10763383-n	ili-30-10763383-n	garzón
spa-30-10763383-n	ili-30-10763383-n	mesera
spa-30-10763383-n	ili-30-10763383-n	mesero
spa-30-10763620-n	ili-30-10763620-n	camarera
spa-30-10763620-n	ili-30-10763620-n	mesera
spa-30-10763985-n	ili-30-10763985-n	sereno
spa-30-10763985-n	ili-30-10763985-n	vigilante
spa-30-10764622-n	ili-30-10764622-n	actor de reparto
spa-30-10764622-n	ili-30-10764622-n	actor secundario
spa-30-10764622-n	ili-30-10764622-n	actriz secundaria
spa-30-10764719-n	ili-30-10764719-n	wallah
spa-30-10766492-n	ili-30-10766492-n	cantor
spa-30-10767519-n	ili-30-10767519-n	almacenador
spa-30-10767519-n	ili-30-10767519-n	almacenero
spa-30-10767519-n	ili-30-10767519-n	almacenista
spa-30-10767519-n	ili-30-10767519-n	encargado del almacén
spa-30-10767519-n	ili-30-10767519-n	guardalmacén
spa-30-10768391-n	ili-30-10768391-n	oficial de autorización
spa-30-10769084-n	ili-30-10769084-n	lavandero
spa-30-10769188-n	ili-30-10769188-n	lavandera
spa-30-10770767-n	ili-30-10770767-n	regante
spa-30-10772190-n	ili-30-10772190-n	tejedor
spa-30-10772289-n	ili-30-10772289-n	webmaster
spa-30-10773665-n	ili-30-10773665-n	soldador
spa-30-10775128-n	ili-30-10775128-n	ballenero
spa-30-10775660-n	ili-30-10775660-n	carretero
spa-30-10775660-n	ili-30-10775660-n	ruedero
spa-30-10776887-n	ili-30-10776887-n	azotador
spa-30-10776887-n	ili-30-10776887-n	ojeador
spa-30-10778044-n	ili-30-10778044-n	payasa cara blanca
spa-30-10778044-n	ili-30-10778044-n	payaso cara blanca
spa-30-10783145-n	ili-30-10783145-n	limpiacristales
spa-30-10783240-n	ili-30-10783240-n	escaparatista
spa-30-10783352-n	ili-30-10783352-n	limpiacristales
spa-30-10783352-n	ili-30-10783352-n	limpiaventanas
spa-30-10783646-n	ili-30-10783646-n	secaplatos
spa-30-10783734-n	ili-30-10783734-n	guardalíneas
spa-30-10789963-n	ili-30-10789963-n	tallista
spa-30-10789963-n	ili-30-10789963-n	tallista en madera
spa-30-10790077-n	ili-30-10790077-n	leñador
spa-30-10790192-n	ili-30-10790192-n	carpintero
spa-30-10790918-n	ili-30-10790918-n	literato
spa-30-10791115-n	ili-30-10791115-n	empleada
spa-30-10791115-n	ili-30-10791115-n	trabajadora
spa-30-10791221-n	ili-30-10791221-n	contratada
spa-30-10791221-n	ili-30-10791221-n	contratado
spa-30-10791221-n	ili-30-10791221-n	currita
spa-30-10791221-n	ili-30-10791221-n	currito
spa-30-10791221-n	ili-30-10791221-n	obrera
spa-30-10791221-n	ili-30-10791221-n	obrero
spa-30-10791820-n	ili-30-10791820-n	asociado
spa-30-10791820-n	ili-30-10791820-n	colega
spa-30-10791820-n	ili-30-10791820-n	compañero de trabajo
spa-30-10792856-n	ili-30-10792856-n	demoledor
spa-30-10792856-n	ili-30-10792856-n	destructor
spa-30-10793570-n	ili-30-10793570-n	artesana
spa-30-10793570-n	ili-30-10793570-n	artesano
spa-30-10794014-n	ili-30-10794014-n	autor
spa-30-10794014-n	ili-30-10794014-n	autora
spa-30-10794014-n	ili-30-10794014-n	escritor
spa-30-10794014-n	ili-30-10794014-n	escritora
spa-30-10801697-n	ili-30-10801697-n	xilofonista
spa-30-10801697-n	ili-30-10801697-n	xylophonist
spa-30-10802043-n	ili-30-10802043-n	yatista
spa-30-10802953-n	ili-30-10802953-n	trabajador del ferrocarril
spa-30-10803031-n	ili-30-10803031-n	trainmaster
spa-30-10803031-n	ili-30-10803031-n	yardmaster
spa-30-10804923-n	ili-30-10804923-n	yuppie
spa-30-80000425-n	ili-30-80000425-n	neumólogo
spa-30-80001115-n	ili-30-80001115-n	hepatólogo
spa-30-80001204-n	ili-30-80001204-n	anatomopatólogo
