spa-30-09610093-n	coadjutor
spa-30-09615807-n	ingeniera
spa-30-09615807-n	ingeniero
spa-30-09615807-n	tecnóloga
spa-30-09615807-n	tecnólogo
spa-30-09616573-n	enólogo
spa-30-09616573-n	fermentologist
spa-30-09616922-n	animador
spa-30-09616922-n	artista
spa-30-09616922-n	humorista
spa-30-09617577-n	experimentador
spa-30-09618880-n	ex presidente
spa-30-09618880-n	expresidente
spa-30-09619605-n	repasador
spa-30-09629477-n	expendedor
spa-30-09632518-n	trabajador
spa-30-09754152-n	abate
spa-30-09754217-n	abadesa
spa-30-09754217-n	madre superiora
spa-30-09754217-n	priora
spa-30-09754217-n	superiora
spa-30-09754404-n	abad
spa-30-09754404-n	archimandita
spa-30-09754404-n	archimandrita
spa-30-09754907-n	abreviador
spa-30-09754907-n	abridger
spa-30-09754907-n	compendiador
spa-30-09757175-n	abortista
spa-30-09758424-n	abstraccionista
spa-30-09758424-n	artista abstracto
spa-30-09758424-n	pintor abstracto
spa-30-09759069-n	académica
spa-30-09759069-n	académico
spa-30-09759069-n	docente
spa-30-09759069-n	lector
spa-30-09759069-n	lectora
spa-30-09759069-n	profesor
spa-30-09759069-n	profesora
spa-30-09760609-n	acompañante
spa-30-09760609-n	persona de compañía
spa-30-09760913-n	accompanyist
spa-30-09760913-n	acompañante
spa-30-09761068-n	cómplice
spa-30-09761310-n	acordeonista
spa-30-09761403-n	contable
spa-30-09761403-n	contador
spa-30-09761403-n	contadora
spa-30-09761403-n	controlador
spa-30-09761403-n	economista
spa-30-09761753-n	ejecutivo de cuentas
spa-30-09762011-n	acusado
spa-30-09762101-n	acusada
spa-30-09762101-n	acusado
spa-30-09762101-n	defendido
spa-30-09762101-n	demandado
spa-30-09762101-n	procesado
spa-30-09762101-n	querellado
spa-30-09763349-n	acólito
spa-30-09763349-n	misario
spa-30-09765278-n	actor
spa-30-09765278-n	actor dramático
spa-30-09765278-n	actriz
spa-30-09765278-n	actuación
spa-30-09765278-n	artista
spa-30-09765278-n	comediante
spa-30-09765278-n	ejecutor teatral
spa-30-09765278-n	histrión
spa-30-09765278-n	histrionista
spa-30-09765278-n	intérprete
spa-30-09767592-n	agente teatral
spa-30-09767700-n	actriz
spa-30-09769929-n	liquidador de reclamaciones
spa-30-09769929-n	tasador
spa-30-09770179-n	aide-de-camp
spa-30-09770179-n	ayudante
spa-30-09770179-n	ayudante de campo
spa-30-09770179-n	edecan
spa-30-09770179-n	edecán
spa-30-09770472-n	administrador
spa-30-09770472-n	ejecutivo
spa-30-09770949-n	administrador
spa-30-09770949-n	administradora
spa-30-09771204-n	almirante
spa-30-09773962-n	anunciador
spa-30-09773962-n	anunciante
spa-30-09775663-n	abogado
spa-30-09775663-n	abogado defensor
spa-30-09775663-n	consejero
spa-30-09775907-n	ingeniero aeronáutico
spa-30-09776079-n	ingeniero aeroespacial
spa-30-09777012-n	agente
spa-30-09777012-n	agente de negocios
spa-30-09777012-n	broker
spa-30-09777012-n	corredor
spa-30-09777012-n	factor
spa-30-09777012-n	intermediario
spa-30-09777353-n	agente
spa-30-09777975-n	agente de negocios
spa-30-09778144-n	agente literario
spa-30-09778392-n	agente provocador
spa-30-09778392-n	provocador
spa-30-09779623-n	agricultor
spa-30-09779790-n	agrícola
spa-30-09779790-n	agricultor
spa-30-09779790-n	agricultora
spa-30-09779790-n	agrónomo
spa-30-09779790-n	cosechero
spa-30-09779790-n	cultivador
spa-30-09779790-n	labrador
spa-30-09780120-n	agrónomo
spa-30-09780249-n	auxiliar
spa-30-09780249-n	ayudante
spa-30-09780828-n	comandante
spa-30-09781804-n	alcalde
spa-30-09781921-n	alquimista
spa-30-09783653-n	alienista
spa-30-09784043-n	algebrista
spa-30-09784306-n	alergista
spa-30-09784306-n	alergólogo
spa-30-09785236-n	limosnero
spa-30-09785659-n	alpinista
spa-30-09785891-n	monacillo
spa-30-09785891-n	monaguillo
spa-30-09786115-n	alto
spa-30-09786115-n	contralto
spa-30-09787534-n	embajador
spa-30-09787534-n	embajadora
spa-30-09787878-n	embajadora
spa-30-09787955-n	cazador de ambulancias
spa-30-09790278-n	analista
spa-30-09790278-n	psicoanalista
spa-30-09790278-n	sicoanalista
spa-30-09791014-n	analista industrial
spa-30-09791151-n	analista petrolero
spa-30-09791248-n	analista de mercado
spa-30-09792237-n	anatomista
spa-30-09792969-n	presentador
spa-30-09792969-n	presentadora
spa-30-09792969-n	presentador de noticias
spa-30-09793495-n	anestesiador
spa-30-09793495-n	anestesiólogo
spa-30-09793495-n	anestesista
spa-30-09793946-n	pescador
spa-30-09793946-n	pescadora
spa-30-09793946-n	pescador de caña
spa-30-09794550-n	animador
spa-30-09795124-n	anunciador
spa-30-09795124-n	locutor
spa-30-09795124-n	presentador
spa-30-09796062-n	antologista
spa-30-09796323-n	antropóloga
spa-30-09796323-n	antropologo
spa-30-09796323-n	antropólogo
spa-30-09797606-n	anticuaria
spa-30-09797606-n	anticuario
spa-30-09797606-n	arcaísta
spa-30-09800056-n	apparatchik
spa-30-09800469-n	apelante
spa-30-09800469-n	demandante
spa-30-09800469-n	demandante en casación
spa-30-09800469-n	recurrente
spa-30-09800964-n	persona nombrada
spa-30-09801371-n	oceanaut
spa-30-09801864-n	aprendiz
spa-30-09801864-n	meritorio
spa-30-09802050-n	apreciador
spa-30-09802050-n	tasador
spa-30-09802050-n	valuador
spa-30-09802239-n	apreciador
spa-30-09802951-n	arabista
spa-30-09803800-n	arb
spa-30-09803800-n	arbitrajista
spa-30-09804343-n	arcediano
spa-30-09804343-n	archidiácono
spa-30-09804806-n	arqueóloga
spa-30-09804806-n	arqueólogo
spa-30-09805151-n	arzobispo
spa-30-09805475-n	arquitecta
spa-30-09805475-n	arquitecto
spa-30-09805475-n	diseñador
spa-30-09806944-n	archivadora
spa-30-09806944-n	archivero
spa-30-09807075-n	arcipreste
spa-30-09807075-n	cardenal
spa-30-09807075-n	jerarca
spa-30-09807075-n	mitrado
spa-30-09807075-n	prelado
spa-30-09807075-n	prelatura
spa-30-09807075-n	primado
spa-30-09807075-n	sumo sacerdote
spa-30-09808351-n	aritmético
spa-30-09808686-n	portador de armas
spa-30-09808794-n	armero
spa-30-09808794-n	artificiero
spa-30-09808949-n	armero
spa-30-09809538-n	ingeniero militar
spa-30-09809749-n	militar
spa-30-09809749-n	oficial de ejército
spa-30-09809749-n	oficial del ejército
spa-30-09809925-n	arreglista
spa-30-09810633-n	flechera
spa-30-09810633-n	flechero
spa-30-09810983-n	marchante
spa-30-09810983-n	marchante de arte
spa-30-09811112-n	director de escena
spa-30-09811414-n	historiador del arte
spa-30-09811852-n	ametrallador
spa-30-09811852-n	artillero
spa-30-09811852-n	cañonero
spa-30-09811852-n	servidor
spa-30-09812068-n	ilustrador
spa-30-09812068-n	ilustradora
spa-30-09813126-n	artista
spa-30-09813441-n	profesor de arte
spa-30-09815677-n	cedente
spa-30-09815790-n	asistente
spa-30-09815790-n	auxiliar
spa-30-09815790-n	ayudante
spa-30-09816654-n	agregado
spa-30-09816654-n	profesor agregado
spa-30-09817386-n	profesor asociado
spa-30-09817694-n	astrogador
spa-30-09817816-n	astrólogo
spa-30-09818022-n	astronauta
spa-30-09818022-n	cosmonauta
spa-30-09818343-n	astrónomo
spa-30-09818343-n	uranologist
spa-30-09819291-n	astrofísico
spa-30-09819477-n	cosmographist
spa-30-09819667-n	cosmólogo
spa-30-09821086-n	agregado
spa-30-09821831-n	ajudant
spa-30-09821831-n	asistente
spa-30-09821831-n	ayudante
spa-30-09821831-n	camarero
spa-30-09821831-n	encargado
spa-30-09821831-n	sirviente
spa-30-09822830-n	ministro de justicia
spa-30-09822955-n	auditor
spa-30-09823287-n	augur
spa-30-09823287-n	auspex
spa-30-09823683-n	au pair
spa-30-09823927-n	autor
spa-30-09824065-n	autora
spa-30-09824065-n	escritora
spa-30-09825296-n	autobiógrafo
spa-30-09825750-n	mecánico
spa-30-09826204-n	aeronauta
spa-30-09826204-n	aviador
spa-30-09826204-n	aviadora
spa-30-09826204-n	piloto
spa-30-09826204-n	piloto de aviación
spa-30-09826605-n	airwoman
spa-30-09826605-n	aviadora
spa-30-09826605-n	aviatress
spa-30-09826821-n	ayah
spa-30-09826821-n	ayo
spa-30-09827166-n	baas
spa-30-09828760-n	pediatra
spa-30-09829305-n	canguro
spa-30-09829305-n	niñera
spa-30-09829506-n	bacante
spa-30-09829506-n	ménade
spa-30-09830553-n	juez de gol
spa-30-09831411-n	bacteriólogo
spa-30-09832538-n	maletero
spa-30-09832873-n	bahaí
spa-30-09833111-n	alguacil
spa-30-09833111-n	esbirro
spa-30-09833536-n	fabricante de pan
spa-30-09833536-n	panadero
spa-30-09833651-n	panadero
spa-30-09834159-n	recogepelotas
spa-30-09834592-n	bailarina
spa-30-09834592-n	ballerina
spa-30-09834699-n	bailarín
spa-30-09835348-n	aeronauta
spa-30-09835348-n	aeronauta de globo
spa-30-09835348-n	aeróstata
spa-30-09835348-n	ascensionista
spa-30-09835506-n	beisbolista
spa-30-09835506-n	jugador de béisbol
spa-30-09836160-n	diestro
spa-30-09836160-n	lidiador
spa-30-09836160-n	maestro
spa-30-09836160-n	matador
spa-30-09836160-n	torera
spa-30-09836160-n	torero
spa-30-09836343-n	banderillero
spa-30-09836519-n	matador
spa-30-09836658-n	novillero
spa-30-09836786-n	picador
spa-30-09836976-n	torero
spa-30-09837824-n	banquera
spa-30-09837824-n	banquero
spa-30-09838117-n	guardia de banco
spa-30-09838117-n	guardia de seguridad
spa-30-09838895-n	barbero
spa-30-09838895-n	peluquero
spa-30-09839022-n	bardo
spa-30-09839022-n	poeta
spa-30-09839022-n	trovador
spa-30-09839022-n	vate
spa-30-09839436-n	barítono
spa-30-09839515-n	pregonero
spa-30-09839702-n	barmaid
spa-30-09839702-n	bartender
spa-30-09839702-n	barwoman
spa-30-09839702-n	camarera
spa-30-09839702-n	tabernera
spa-30-09839860-n	stunt pilot
spa-30-09840217-n	archipámpano
spa-30-09840217-n	gran empresario
spa-30-09840217-n	líder empresarial
spa-30-09840217-n	magnate
spa-30-09840217-n	mogol
spa-30-09840217-n	potentado
spa-30-09840963-n	abogado
spa-30-09840963-n	barrister
spa-30-09840963-n	legalista
spa-30-09841188-n	barman
spa-30-09841188-n	camarera
spa-30-09841188-n	camarero
spa-30-09841188-n	cantinero
spa-30-09841188-n	mixologist
spa-30-09841515-n	entrenador de béisbol
spa-30-09841515-n	manager de béisbol
spa-30-09841865-n	basileos
spa-30-09841865-n	basileus
spa-30-09841955-n	entrenador de baloncesto
spa-30-09842047-n	baloncestista
spa-30-09842047-n	cager
spa-30-09842047-n	jugador de baloncesto
spa-30-09842288-n	basketweaver
spa-30-09842288-n	cestero
spa-30-09842528-n	bajo
spa-30-09842629-n	bajista
spa-30-09842716-n	bajón
spa-30-09842716-n	bajonista
spa-30-09842716-n	fagot
spa-30-09842716-n	fagotista
spa-30-09843824-n	bastonero
spa-30-09843824-n	batonista
spa-30-09843824-n	rotador
spa-30-09844221-n	instructor de bateo
spa-30-09844770-n	bedel
spa-30-09844898-n	beadsman
spa-30-09844898-n	bedesman
spa-30-09845016-n	bean counter
spa-30-09845999-n	cosmetólogo
spa-30-09845999-n	esteticien
spa-30-09845999-n	esteticién
spa-30-09845999-n	esteticista
spa-30-09846142-n	esteticista
spa-30-09846755-n	abejera
spa-30-09846755-n	abejero
spa-30-09846755-n	apicultor
spa-30-09846755-n	colmenero
spa-30-09847010-n	mendicante
spa-30-09847010-n	mendigo
spa-30-09848775-n	botones
spa-30-09848775-n	fajín
spa-30-09848775-n	mozo
spa-30-09848916-n	jefe de botones
spa-30-09849167-n	campanero
spa-30-09849801-n	fabricante de cinturones
spa-30-09851465-n	padrino
spa-30-09851465-n	padrino de boda
spa-30-09852179-n	beg
spa-30-09852179-n	bey
spa-30-09852179-n	gobernador turco
spa-30-09852558-n	bibliógrafa
spa-30-09852558-n	bibliógrafo
spa-30-09852826-n	bibliopola
spa-30-09854915-n	bioquímico
spa-30-09855433-n	biógrafa
spa-30-09855433-n	biógrafo
spa-30-09855630-n	bióloga
spa-30-09855630-n	biólogo
spa-30-09856267-n	biofísico
spa-30-09857200-n	obispo
spa-30-09859152-n	herrador
spa-30-09859152-n	herrera
spa-30-09859152-n	herrero
spa-30-09859557-n	barrenero
spa-30-09859557-n	pegador
spa-30-09859684-n	blanqueador
spa-30-09861395-n	guardia marina
spa-30-09861395-n	marinero
spa-30-09861395-n	marino
spa-30-09861395-n	navegante
spa-30-09861863-n	constructor de botes
spa-30-09861946-n	balsero
spa-30-09861946-n	barquero
spa-30-09862183-n	bo's'n
spa-30-09862183-n	contramaestre
spa-30-09862621-n	bobby
spa-30-09863031-n	escolta
spa-30-09863031-n	guardaespaldas
spa-30-09863238-n	ayuda de cámara
spa-30-09863238-n	criado
spa-30-09863238-n	sirviente
spa-30-09863238-n	valet
spa-30-09863339-n	boffin
spa-30-09863339-n	científico
spa-30-09863500-n	bohemio
spa-30-09865398-n	siervo
spa-30-09865547-n	ensalmador
spa-30-09865672-n	librero
spa-30-09865744-n	encuadernador
spa-30-09865838-n	librero
spa-30-09866115-n	contador
spa-30-09866115-n	tenedor de libros
spa-30-09866222-n	corredor de apuestas
spa-30-09866473-n	librero
spa-30-09866473-n	vendedor de libros
spa-30-09866817-n	betunero
spa-30-09866817-n	limpia
spa-30-09866817-n	limpiabotas
spa-30-09866922-n	contrabandista de licores
spa-30-09867069-n	botero
spa-30-09867311-n	patrulla de fronteras
spa-30-09868270-n	botánica
spa-30-09868270-n	botánico
spa-30-09868270-n	botanista
spa-30-09868270-n	phytologist
spa-30-09869009-n	bouncer
spa-30-09869009-n	gorila
spa-30-09869009-n	portero
spa-30-09872285-n	bracero
spa-30-09873135-n	guardafrenos
spa-30-09873242-n	alto mando
spa-30-09873242-n	espadón
spa-30-09873473-n	cabeza de familia
spa-30-09873899-n	criador
spa-30-09874014-n	cervecero
spa-30-09874118-n	cervecero
spa-30-09874518-n	alarife
spa-30-09874518-n	albañil
spa-30-09874862-n	dama de honor
spa-30-09874862-n	madrina
spa-30-09875540-n	brigadier
spa-30-09875540-n	general de brigada
spa-30-09875786-n	locutor
spa-30-09878179-n	corneta
spa-30-09878179-n	cornetista
spa-30-09878275-n	constructor
spa-30-09878275-n	constructora
spa-30-09880189-n	conejita
spa-30-09880189-n	conejo
spa-30-09880427-n	burócrata
spa-30-09880881-n	alcalde
spa-30-09880881-n	burgomaestre
spa-30-09882007-n	empresario
spa-30-09882007-n	hombre de negocios
spa-30-09882007-n	negociante
spa-30-09882716-n	burgués
spa-30-09882716-n	comerciante
spa-30-09882716-n	distribuidor
spa-30-09882716-n	empresario
spa-30-09882716-n	hombre de negocios
spa-30-09882716-n	negociante
spa-30-09882716-n	persona de negocios
spa-30-09883174-n	músico callejero
spa-30-09883362-n	conductor de autobús
spa-30-09883630-n	bronco buster
spa-30-09883630-n	domador de potros
spa-30-09884133-n	carnicero
spa-30-09884133-n	jifero
spa-30-09884133-n	matarife
spa-30-09884391-n	carnicera
spa-30-09884391-n	carnicero
spa-30-09884509-n	despensero
spa-30-09884509-n	maestresala
spa-30-09884509-n	mayordomo
spa-30-09885769-n	galopín
spa-30-09885769-n	grumete
spa-30-09885769-n	paje
spa-30-09885866-n	ebanista
spa-30-09886403-n	cadi
spa-30-09887496-n	calif
spa-30-09887496-n	califa
spa-30-09887496-n	kalif
spa-30-09887496-n	kaliph
spa-30-09889170-n	calígrafa
spa-30-09889170-n	calígrafo
spa-30-09889170-n	pendolista
spa-30-09889539-n	cámara
spa-30-09889539-n	camarógrafa
spa-30-09889539-n	camarógrafo
spa-30-09889539-n	cameraman
spa-30-09889539-n	cinematógrafo
spa-30-09889539-n	fotógrafo
spa-30-09889539-n	operador
spa-30-09889539-n	operador de cámara
spa-30-09889539-n	operario de cámara
spa-30-09889691-n	candidata
spa-30-09889691-n	candidato
spa-30-09889691-n	nominada
spa-30-09889691-n	nominado
spa-30-09890662-n	cantarina
spa-30-09890894-n	velero
spa-30-09890987-n	voluntario
spa-30-09891300-n	carne de cañón
spa-30-09891470-n	canoero
spa-30-09891470-n	canoísta
spa-30-09891470-n	palista
spa-30-09891470-n	piragüista
spa-30-09891470-n	remero
spa-30-09891864-n	hazan
spa-30-09892410-n	capo
spa-30-09892513-n	jefe de comedor
spa-30-09892513-n	maitre
spa-30-09892693-n	capitán
spa-30-09892831-n	capitán
spa-30-09893015-n	capitán
spa-30-09893015-n	capitán de policía
spa-30-09893015-n	jefe de policía
spa-30-09893191-n	capitán
spa-30-09894143-n	cardenal
spa-30-09894445-n	cardióloga
spa-30-09894445-n	cardiólogo
spa-30-09894909-n	fullero
spa-30-09894909-n	tahúr
spa-30-09895222-n	arribista
spa-30-09895222-n	trepa
spa-30-09895701-n	conserje
spa-30-09895701-n	velador
spa-30-09895701-n	vigilante
spa-30-09895902-n	sustituto
spa-30-09896084-n	carhop
spa-30-09896170-n	caricaturista
spa-30-09896401-n	villanciquero
spa-30-09896685-n	carpintero
spa-30-09896685-n	ebanista
spa-30-09896685-n	madedero
spa-30-09897603-n	repartidor de periódicos
spa-30-09897696-n	distribuidor
spa-30-09897696-n	mensajero
spa-30-09897696-n	portador
spa-30-09897696-n	porteador
spa-30-09897696-n	recadero
spa-30-09897696-n	repartidor
spa-30-09897696-n	toter
spa-30-09897696-n	transportista
spa-30-09897914-n	carrero
spa-30-09897914-n	carretero
spa-30-09897914-n	furgonero
spa-30-09897914-n	trajinante
spa-30-09898215-n	cartógrafo
spa-30-09898215-n	map maker
spa-30-09898346-n	dibujante
spa-30-09898346-n	humorista gráfico
spa-30-09898692-n	carpintero de carretas
spa-30-09898692-n	carretero
spa-30-09899534-n	castrato
spa-30-09901337-n	catequista
spa-30-09901642-n	proveedor
spa-30-09902017-n	ganadero
spa-30-09902017-n	vaquero
spa-30-09902353-n	jinete
spa-30-09902353-n	soldado de caballería
spa-30-09902611-n	coracero
spa-30-09902611-n	soldado de caballería
spa-30-09902611-n	soldado montado
spa-30-09903501-n	chelista
spa-30-09903501-n	violoncelista
spa-30-09903501-n	violonchelista
spa-30-09903639-n	censor
spa-30-09903639-n	censora
spa-30-09904057-n	censista
spa-30-09905050-n	centurión
spa-30-09905185-n	funcionario contable
spa-30-09905842-n	jefe del consejo
spa-30-09905842-n	presidente del consejo
spa-30-09906079-n	camarlengo
spa-30-09906195-n	camarlengo
spa-30-09906293-n	camarera
spa-30-09906848-n	canciller
spa-30-09906848-n	rector
spa-30-09906986-n	canciller
spa-30-09906986-n	premier
spa-30-09906986-n	primer ministro
spa-30-09907566-n	droguero
spa-30-09908508-n	capellán
spa-30-09908508-n	párroco
spa-30-09908678-n	quincallero
spa-30-09908769-n	capellán de cárcel
spa-30-09908853-n	chofer
spa-30-09908853-n	chófer
spa-30-09908853-n	conductor
spa-30-09909660-n	carbonero
spa-30-09909929-n	encargado de negocios
spa-30-09910222-n	auriga
spa-30-09910222-n	cochero
spa-30-09910556-n	censor jurado de cuentas
spa-30-09911226-n	limpiadora
spa-30-09911226-n	mujer de la limpieza
spa-30-09913240-n	inspectora
spa-30-09913240-n	revisora
spa-30-09913455-n	animador
spa-30-09913455-n	animadora
spa-30-09913455-n	cheer leader
spa-30-09913455-n	cheer-leader
spa-30-09913455-n	cheerleader
spa-30-09913455-n	porrista
spa-30-09913741-n	quesero
spa-30-09913824-n	química
spa-30-09913824-n	químico
spa-30-09916348-n	director ejecutivo
spa-30-09917214-n	jefe de estado mayor
spa-30-09919061-n	deshollinador
spa-30-09919061-n	limipa chimeneas
spa-30-09919061-n	limpiachimeneas
spa-30-09919200-n	quiropráctica
spa-30-09919200-n	quiropráctico
spa-30-09919297-n	callista
spa-30-09919297-n	pedicurista
spa-30-09919297-n	pedicuro
spa-30-09919297-n	podiatra
spa-30-09919297-n	podólogo
spa-30-09919690-n	niño cantor
spa-30-09919690-n	niño de coro
spa-30-09919771-n	cantor
spa-30-09919771-n	cantor principal
spa-30-09919771-n	chantre
spa-30-09919771-n	director de coro
spa-30-09919771-n	maestro de coro
spa-30-09920283-n	coreógrafa
spa-30-09920283-n	coreógrafo
spa-30-09920771-n	corista
spa-30-09920901-n	corista
spa-30-09920901-n	suripanta
spa-30-09920901-n	vicetiple
spa-30-09922659-n	capillero
spa-30-09923003-n	cicerone
spa-30-09924195-n	city man
spa-30-09924540-n	ingeniero de caminos
spa-30-09925459-n	funcionario
spa-30-09925459-n	funcionario público
spa-30-09926246-n	clarinete
spa-30-09926246-n	clarinetista
spa-30-09926862-n	clasificador
spa-30-09927089-n	limpiador
spa-30-09927305-n	lavandero
spa-30-09927305-n	tintorería
spa-30-09927305-n	tintorero
spa-30-09928451-n	administrativo
spa-30-09928451-n	escribiente
spa-30-09928451-n	oficinista
spa-30-09928451-n	secretario
spa-30-09929577-n	clínico
spa-30-09929861-n	cloakmaker
spa-30-09929861-n	peletero
spa-30-09930102-n	relojero
spa-30-09930772-n	camisero
spa-30-09930772-n	mercero
spa-30-09930772-n	pañero
spa-30-09930772-n	ropero
spa-30-09930772-n	sedero
spa-30-09930876-n	bufón
spa-30-09930876-n	clown
spa-30-09930876-n	payasa
spa-30-09930876-n	payaso
spa-30-09931418-n	instructor
spa-30-09931418-n	preceptor
spa-30-09931418-n	professor particular
spa-30-09931418-n	tutor
spa-30-09931640-n	adiestrador
spa-30-09931640-n	director
spa-30-09931640-n	entrenador
spa-30-09931640-n	entrenadora
spa-30-09931640-n	gerente
spa-30-09931640-n	instructor
spa-30-09931640-n	míster
spa-30-09931640-n	seleccionador
spa-30-09931640-n	técnico
spa-30-09931989-n	entrenador de guardalíneas
spa-30-09932098-n	entrenador de lanzamiento
spa-30-09932098-n	entrenador de tiro
spa-30-09932227-n	carrocero
spa-30-09932336-n	cochero
spa-30-09932336-n	mayoral
spa-30-09932429-n	carbonero
spa-30-09932508-n	carbonero
spa-30-09932508-n	minera
spa-30-09932508-n	minero
spa-30-09932508-n	minero de carbón
spa-30-09932508-n	minero del carbón
spa-30-09932892-n	co-autor
spa-30-09932892-n	coautor
spa-30-09933098-n	zapatera
spa-30-09933098-n	zapatero
spa-30-09933411-n	codemandado
spa-30-09933613-n	windtalker
spa-30-09934774-n	peluquero
spa-30-09934846-n	peluquera
spa-30-09934921-n	moneyer
spa-30-09935233-n	acuñador ilegal
spa-30-09936362-n	cobrador
spa-30-09937250-n	coronel
spa-30-09938080-n	coloratura
spa-30-09938080-n	coloratura soprano
spa-30-09938272-n	abanderada
spa-30-09938272-n	abanderado
spa-30-09939154-n	articulista
spa-30-09939154-n	columnista
spa-30-09939154-n	editorialista
spa-30-09940146-n	comediante
spa-30-09940146-n	cómic
spa-30-09940146-n	cómico
spa-30-09940146-n	humorista
spa-30-09940725-n	comediante
spa-30-09940818-n	cómica
spa-30-09940987-n	comedianta
spa-30-09941172-n	ianfu
spa-30-09941571-n	comandante
spa-30-09941787-n	comandante en jefe
spa-30-09941787-n	generalísimo
spa-30-09941964-n	comandante
spa-30-09941964-n	oficial al mando
spa-30-09942275-n	comando
spa-30-09942275-n	montaraz
spa-30-09942431-n	comentarista
spa-30-09942587-n	artista comercial
spa-30-09942697-n	comisario político
spa-30-09942871-n	conserje
spa-30-09942871-n	portero
spa-30-09942970-n	oficial
spa-30-09942970-n	oficial comisionado
spa-30-09943239-n	oficial
spa-30-09943239-n	oficial militar
spa-30-09943239-n	oficial militar comisionado
spa-30-09943541-n	oficial de marina
spa-30-09943541-n	oficial naval
spa-30-09943541-n	oficial naval comisionado
spa-30-09943811-n	comisionado
spa-30-09945021-n	comodoro
spa-30-09946814-n	presentador
spa-30-09946957-n	enciclopedista
spa-30-09947232-n	compositor
spa-30-09947232-n	compositora
spa-30-09949946-n	cajista
spa-30-09949946-n	compositor
spa-30-09949946-n	linotipista
spa-30-09949946-n	tipógrafo
spa-30-09951070-n	informático
spa-30-09951717-n	concesionario
spa-30-09951953-n	conserje
spa-30-09952539-n	conductor
spa-30-09952539-n	director
spa-30-09952539-n	directora
spa-30-09952539-n	director de orquesta
spa-30-09953052-n	cobrador
spa-30-09953052-n	conductor
spa-30-09953178-n	preparador físico
spa-30-09953350-n	confitero
spa-30-09953350-n	dulcero
spa-30-09953350-n	pastelero
spa-30-09953350-n	repostero
spa-30-09953775-n	confederado
spa-30-09953775-n	soldado confederado
spa-30-09954355-n	confesante
spa-30-09954355-n	confesor
spa-30-09954355-n	penitenciario
spa-30-09955944-n	rep.
spa-30-09956035-n	contacto
spa-30-09956035-n	enlace
spa-30-09959142-n	agente de policía
spa-30-09959142-n	jefe de policía
spa-30-09959797-n	cónsul
spa-30-09960117-n	contacto
spa-30-09960117-n	enlace
spa-30-09960117-n	intermediario
spa-30-09960688-n	contratista
spa-30-09960891-n	contratista
spa-30-09961198-n	contralto
spa-30-09962612-n	conveyancer
spa-30-09963320-n	cocinera
spa-30-09963320-n	cocinero
spa-30-09963574-n	chef
spa-30-09963574-n	cocinero
spa-30-09963680-n	intendente
spa-30-09963773-n	barrilero
spa-30-09963773-n	candiotero
spa-30-09963773-n	carralero
spa-30-09963773-n	cubero
spa-30-09963773-n	tonelero
spa-30-09963914-n	coordinador
spa-30-09963914-n	coordinadora
spa-30-09964202-n	co-piloto
spa-30-09964202-n	copiloto
spa-30-09964315-n	artesano del cobre
spa-30-09964315-n	calderera
spa-30-09964315-n	calderero
spa-30-09964315-n	cobrero
spa-30-09964659-n	corrector
spa-30-09964805-n	amanuense
spa-30-09964805-n	copiador
spa-30-09964805-n	copiante
spa-30-09964805-n	copista
spa-30-09964805-n	escriba
spa-30-09964805-n	escribano
spa-30-09964805-n	escribiente
spa-30-09964805-n	plumista
spa-30-09965021-n	copywriter
spa-30-09965021-n	redactor
spa-30-09965021-n	redactor publicitario
spa-30-09965424-n	maestro cocinero
spa-30-09966139-n	cabo
spa-30-09966139-n	caporal
spa-30-09966139-n	corporal
spa-30-09966255-n	director de empresa
spa-30-09966710-n	corresponsal
spa-30-09966710-n	newspaperwoman
spa-30-09966710-n	newswriter
spa-30-09966710-n	periodista
spa-30-09966710-n	redactor de noticias
spa-30-09966941-n	bucanero
spa-30-09966941-n	corsario
spa-30-09966941-n	corsario de Berbería
spa-30-09966941-n	filibustero
spa-30-09966941-n	pirata
spa-30-09967063-n	cosmetólogo
spa-30-09967270-n	cirujano plástico
spa-30-09967816-n	contable de costos
spa-30-09967967-n	coestrella
spa-30-09967967-n	coprotagonista
spa-30-09968259-n	figurinista
spa-30-09968259-n	sastre de teatro
spa-30-09968741-n	cottar
spa-30-09968741-n	cotter
spa-30-09969718-n	dependienta
spa-30-09969718-n	dependiente
spa-30-09969718-n	vendedor
spa-30-09970192-n	agente doble
spa-30-09970192-n	contraespía
spa-30-09970192-n	counterspy
spa-30-09970192-n	informante
spa-30-09970192-n	topo
spa-30-09970295-n	contratenor
spa-30-09971385-n	agente agrónomo
spa-30-09971385-n	asesor agrónomo
spa-30-09971595-n	coureur de bois
spa-30-09971839-n	áulico
spa-30-09971839-n	cortesano
spa-30-09971839-n	palaciego
spa-30-09972157-n	diseñador
spa-30-09972157-n	diseñador de moda
spa-30-09972157-n	modisto
spa-30-09972458-n	pin-up
spa-30-09972661-n	cowboy
spa-30-09972661-n	gaucho
spa-30-09972661-n	huaso
spa-30-09972661-n	llanero
spa-30-09972661-n	vaquero
spa-30-09973072-n	corredor de rodeo
spa-30-09973072-n	cowboy
spa-30-09973072-n	vaquero
spa-30-09973209-n	vaquero
spa-30-09973422-n	vaquera
spa-30-09973422-n	vaquero
spa-30-09973624-n	timonel
spa-30-09973903-n	coyote
spa-30-09974648-n	artesana
spa-30-09974648-n	artesano
spa-30-09974648-n	artífice
spa-30-09974648-n	oficial
spa-30-09975425-n	artesano
spa-30-09977082-n	tripulante
spa-30-09977178-n	tripulante
spa-30-09978442-n	criminóloga
spa-30-09978442-n	criminólogo
spa-30-09979589-n	crítico
spa-30-09980090-n	cantante melódico
spa-30-09980090-n	crooner
spa-30-09980985-n	croupier
spa-30-09980985-n	crupié
spa-30-09980985-n	crupier
spa-30-09980985-n	tallador
spa-30-09981740-n	cristalógrafo
spa-30-09982277-n	coracero
spa-30-09982760-n	agregado cultural
spa-30-09983053-n	copero
spa-30-09983053-n	escanciador
spa-30-09983053-n	escanciano
spa-30-09983314-n	curandera
spa-30-09983444-n	curandero
spa-30-09983889-n	conservador
spa-30-09983889-n	curador
spa-30-09984298-n	custodio
spa-30-09984298-n	guarda
spa-30-09984298-n	tutor
spa-30-09985207-n	cuchillero
spa-30-09985279-n	cortador
spa-30-09985809-n	ciberpunk
spa-30-09985809-n	cyberpunk
spa-30-09986450-n	cimbalero
spa-30-09986450-n	cimbalista
spa-30-09987045-n	citólogo
spa-30-09988216-n	lechera
spa-30-09988216-n	ordeñadora
spa-30-09988216-n	quesera
spa-30-09988392-n	lechero
spa-30-09988392-n	tambero
spa-30-09989502-n	bailador
spa-30-09989502-n	bailaor
spa-30-09989502-n	bailarín
spa-30-09989502-n	bailarina
spa-30-09989502-n	bailarín profesional
spa-30-09989502-n	danzante
spa-30-09989502-n	danzarín
spa-30-09989502-n	terpsichorean
spa-30-09989502-n	terpsícore
spa-30-09990777-n	maestro de baile
spa-30-09990777-n	maestro de danza
spa-30-09991406-n	bailarín
spa-30-09991406-n	danseur
spa-30-09991406-n	danseur noble
spa-30-09992138-n	darner
spa-30-09994400-n	jornalero
spa-30-09994673-n	diácono
spa-30-09994673-n	diácono protestante
spa-30-09994808-n	diaconisa
spa-30-09995757-n	cazador de venados
spa-30-09996636-n	crupier
spa-30-09996784-n	decano
spa-30-09998788-n	marinero de cubierta
spa-30-10000158-n	abogado defensor
spa-30-10000158-n	defensa
spa-30-10001217-n	recadero
spa-30-10001217-n	repartidor
spa-30-10002257-n	demógrafo
spa-30-10002257-n	demographist
spa-30-10002982-n	demostrador
spa-30-10002982-n	demostrador de mercadería
spa-30-10002982-n	representante
spa-30-10002982-n	representante de ventas
spa-30-10003782-n	auxiliar dental
spa-30-10004019-n	denturist
spa-30-10004019-n	denturista
spa-30-10004019-n	protésico
spa-30-10004019-n	técnico dental
spa-30-10004282-n	dentista
spa-30-10004282-n	estomatólogo
spa-30-10004282-n	odontólogo
spa-30-10004718-n	jefe de departamento
spa-30-10005280-n	lugarteniente
spa-30-10006177-n	dermatólogo
spa-30-10007995-n	recepcionista
spa-30-10007995-n	recepcionista de hotel
spa-30-10008254-n	deskman
spa-30-10008254-n	sargento escribiente
spa-30-10009276-n	detective
spa-30-10009276-n	detective de policía
spa-30-10009276-n	detective privado
spa-30-10009276-n	investigador
spa-30-10009276-n	tec
spa-30-10009484-n	detective
spa-30-10009484-n	investigador policial
spa-30-10011074-n	patologista
spa-30-10011074-n	patólogo
spa-30-10011785-n	sabueso
spa-30-10012484-n	dietista
spa-30-10012484-n	nutricionista
spa-30-10012713-n	diemaker
spa-30-10012713-n	diesinker
spa-30-10012713-n	fresador
spa-30-10012989-n	excavador
spa-30-10013614-n	encargado de comedor
spa-30-10013614-n	encargado de restaurante
spa-30-10013927-n	diplomático
spa-30-10014939-n	administrador
spa-30-10014939-n	director
spa-30-10014939-n	directora
spa-30-10014939-n	gerente
spa-30-10014939-n	gestor
spa-30-10014939-n	manager
spa-30-10015215-n	director
spa-30-10015215-n	director de escena
spa-30-10015485-n	directivo
spa-30-10015485-n	director
spa-30-10017190-n	lavaplatos
spa-30-10017272-n	discjockey
spa-30-10017272-n	dj
spa-30-10017272-n	pincha
spa-30-10017272-n	pinchadiscos
spa-30-10017422-n	despachador
spa-30-10017664-n	correo militar
spa-30-10018653-n	destilador
spa-30-10018653-n	licorista
spa-30-10018861-n	distribuidor
spa-30-10018861-n	distribuidora
spa-30-10019072-n	fiscal
spa-30-10019308-n	cavador de zanjas
spa-30-10020670-n	abogado divorcista
spa-30-10020670-n	abogado matrimonialista
spa-30-10020807-n	docente
spa-30-10020890-n	doc
spa-30-10020890-n	doctor
spa-30-10020890-n	doctora
spa-30-10020890-n	facultativo
spa-30-10020890-n	médica
spa-30-10020890-n	medico
spa-30-10020890-n	médico
spa-30-10023264-n	dux
spa-30-10024119-n	asistente
spa-30-10024119-n	criado
spa-30-10024119-n	doméstico
spa-30-10025060-n	domine
spa-30-10025060-n	dominus
spa-30-10025295-n	don
spa-30-10026553-n	conserje
spa-30-10026553-n	guardabarrera
spa-30-10026553-n	ostiario
spa-30-10026553-n	portero
spa-30-10027476-n	agente doble
spa-30-10028765-n	colimba
spa-30-10028765-n	conscripto
spa-30-10028765-n	miliciano
spa-30-10028765-n	quinto
spa-30-10028765-n	recluta
spa-30-10028977-n	bosquejador
spa-30-10029269-n	delineante
spa-30-10029429-n	dragomán
spa-30-10029831-n	dragón
spa-30-10030147-n	crítico de teatro
spa-30-10030147-n	crítico teatral
spa-30-10030277-n	comediógrafo
spa-30-10030277-n	dramático
spa-30-10030277-n	dramaturgo
spa-30-10032190-n	lencero
spa-30-10032190-n	pañero
spa-30-10032190-n	sedero
spa-30-10032676-n	atracción
spa-30-10032676-n	gancho
spa-30-10033082-n	asistente de camerino
spa-30-10033082-n	ayudante de camerino
spa-30-10033412-n	costurera
spa-30-10033412-n	modista
spa-30-10033412-n	modisto
spa-30-10033412-n	sastra
spa-30-10034020-n	drill instructor
spa-30-10034020-n	instructor militar
spa-30-10034020-n	jefe de instrucción
spa-30-10035430-n	cochero
spa-30-10035430-n	conductor
spa-30-10035809-n	bracero
spa-30-10035809-n	galeote
spa-30-10035809-n	peón
spa-30-10036802-n	guaripolera
spa-30-10036802-n	majorette
spa-30-10036929-n	batería
spa-30-10036929-n	baterista
spa-30-10036929-n	tambor
spa-30-10036929-n	tamborilero
spa-30-10038547-n	cazador de patos
spa-30-10040515-n	tintorero
spa-30-10041195-n	otólogo
spa-30-10041887-n	asalariada
spa-30-10041887-n	asalariado
spa-30-10043163-n	ecóloga
spa-30-10043163-n	ecologista
spa-30-10043163-n	ecólogo
spa-30-10043491-n	econometrista
spa-30-10044879-n	editor
spa-30-10044879-n	jefe de redacción
spa-30-10044879-n	redactora
spa-30-10045361-n	subeditor
spa-30-10045713-n	educacionista
spa-30-10045713-n	educador
spa-30-10045713-n	educadora
spa-30-10045713-n	pedagoga
spa-30-10045713-n	pedagogo
spa-30-10047822-n	egiptólogo
spa-30-10049017-n	ingeniero electricista
spa-30-10049363-n	chispa
spa-30-10049363-n	electricista
spa-30-10049896-n	electroterapeuta
spa-30-10049896-n	especialista en electroterapia
spa-30-10050043-n	poeta elegíaco
spa-30-10050432-n	ascensorista
spa-30-10050432-n	operador de ascensor
spa-30-10051215-n	embalsamador
spa-30-10051552-n	bordador
spa-30-10051761-n	embrióloga
spa-30-10051761-n	embriólogo
spa-30-10053808-n	empleada
spa-30-10053808-n	empleado
spa-30-10053808-n	trabajador
spa-30-10053808-n	trabajadora
spa-30-10054875-n	agente de empleo
spa-30-10055566-n	enciclopedista
spa-30-10056914-n	endocrinólogo
spa-30-10057114-n	endodoncista
spa-30-10057714-n	conductor ferroviario
spa-30-10057714-n	ingeniero
spa-30-10057714-n	ingeniero ferroviario
spa-30-10057714-n	maquinista
spa-30-10057918-n	profesor de inglés
spa-30-10058027-n	grabador
spa-30-10058155-n	grabador
spa-30-10058962-n	recluta
spa-30-10059323-n	otólogo
spa-30-10059323-n	otorrino
spa-30-10059323-n	otorrinolaringologo
spa-30-10059323-n	otorrinolaringólogo
spa-30-10059904-n	bug-hunter
spa-30-10059904-n	bugologist
spa-30-10059904-n	entomóloga
spa-30-10059904-n	entomólogo
spa-30-10061043-n	ministro plenipotenciario
spa-30-10061431-n	eparca
spa-30-10061882-n	epidemióloga
spa-30-10061882-n	epidemiólogo
spa-30-10062594-n	caballerizo del rey
spa-30-10063919-n	agente de espionaje
spa-30-10064229-n	escudero
spa-30-10064405-n	ensayista
spa-30-10064405-n	escritor
spa-30-10064405-n	literato
spa-30-10064831-n	esteticista
spa-30-10064831-n	esthéticienne
spa-30-10065643-n	etnógrafa
spa-30-10065643-n	etnógrafo
spa-30-10065758-n	etnóloga
spa-30-10065758-n	etnólogo
spa-30-10065911-n	etólogo
spa-30-10066059-n	aetiologist
spa-30-10066059-n	etiologist
spa-30-10066059-n	etiólogo
spa-30-10066314-n	etimóloga
spa-30-10066314-n	etimologista
spa-30-10066314-n	etimólogo
spa-30-10068682-n	exarca
spa-30-10069120-n	cambista
spa-30-10069120-n	intercambiador
spa-30-10069296-n	ejecutor
spa-30-10069427-n	sayón
spa-30-10069427-n	verdugo
spa-30-10069645-n	director ejecutivo
spa-30-10069645-n	ejecutiva
spa-30-10069645-n	ejecutivo
spa-30-10069981-n	secretario ejecutivo
spa-30-10071912-n	exodontist
spa-30-10073634-n	exportador
spa-30-10074339-n	exterminador
spa-30-10074339-n	exterminadora
spa-30-10074339-n	terminador
spa-30-10075802-n	factótum
spa-30-10076604-n	cetrero
spa-30-10076604-n	halconera
spa-30-10076604-n	halconero
spa-30-10077278-n	médico de familia
spa-30-10078806-n	agricultor
spa-30-10078806-n	campesina
spa-30-10078806-n	campesino
spa-30-10078806-n	granjera
spa-30-10078806-n	granjero
spa-30-10078806-n	labrador
spa-30-10078806-n	ranchero
spa-30-10078806-n	sodbuster
spa-30-10079210-n	granjera
spa-30-10079399-n	agricultor
spa-30-10079399-n	granjero
spa-30-10079399-n	labriego
spa-30-10079399-n	obrero agrícola
spa-30-10079399-n	trabajador agrícola
spa-30-10079677-n	herrador
spa-30-10080206-n	asesor de moda
spa-30-10081204-n	padre
spa-30-10083264-n	fellah
spa-30-10085101-n	perista
spa-30-10085449-n	balsero
spa-30-10085449-n	barquero
spa-30-10086821-n	mariscal de campo
spa-30-10087080-n	oficial superior
spa-30-10087574-n	archivador
spa-30-10087574-n	archivero
spa-30-10087574-n	archivista
spa-30-10088200-n	director de cine
spa-30-10088390-n	cienasta
spa-30-10088390-n	cineasta
spa-30-10088390-n	movie maker
spa-30-10088390-n	productor
spa-30-10088390-n	productor cinematográfico
spa-30-10088390-n	productor de cine
spa-30-10089484-n	artista de cine
spa-30-10089484-n	estrella de cine
spa-30-10089892-n	ministro de hacienda
spa-30-10091651-n	bombera
spa-30-10091651-n	bombero
spa-30-10092098-n	guardabosque
spa-30-10092098-n	guardaparque
spa-30-10092978-n	alférez
spa-30-10092978-n	teniente primero
spa-30-10093475-n	sargento primero
spa-30-10093658-n	pescador
spa-30-10093818-n	pescadera
spa-30-10093818-n	pescadero
spa-30-10094236-n	oficial almirante
spa-30-10095664-n	patrulla
spa-30-10096016-n	almirante de flota
spa-30-10096016-n	almirante de la flota
spa-30-10097262-n	jefe de sección
spa-30-10097262-n	jefe de ventas
spa-30-10097262-n	superintendente
spa-30-10097705-n	florista
spa-30-10098245-n	flauta
spa-30-10098245-n	flautista
spa-30-10099093-n	cantante folclórico
spa-30-10099093-n	cantante poeta
spa-30-10099093-n	juglar
spa-30-10099093-n	trobador
spa-30-10099093-n	trovador
spa-30-10099093-n	trovadora
spa-30-10099278-n	escritor popular
spa-30-10101981-n	lacayo
spa-30-10103228-n	agente exterior
spa-30-10103228-n	agente extranjero
spa-30-10103228-n	espía
spa-30-10104209-n	capitoste
spa-30-10104209-n	caporal
spa-30-10104209-n	gaffer
spa-30-10104209-n	jefa
spa-30-10104209-n	jefe
spa-30-10104209-n	patrón
spa-30-10104209-n	patrona
spa-30-10105260-n	falsificador
spa-30-10105260-n	forjador
spa-30-10105618-n	minero del 49
spa-30-10107778-n	fundidor
spa-30-10110421-n	autónomo
spa-30-10110421-n	freelance
spa-30-10110421-n	independiente
spa-30-10110421-n	trabajador autónomo
spa-30-10111601-n	profesor de francés
spa-30-10113997-n	frutero
spa-30-10113997-n	verdulera
spa-30-10113997-n	verdulero
spa-30-10115603-n	abatanador
spa-30-10115603-n	batanero
spa-30-10115748-n	profesor titular
spa-30-10115748-n	titular
spa-30-10116579-n	fusilero
spa-30-10117415-n	humorista
spa-30-10118113-n	esclavo de galera
spa-30-10118113-n	galeote
spa-30-10118743-n	gambist
spa-30-10119351-n	alimañero
spa-30-10119351-n	guardabosque
spa-30-10119351-n	montaraz
spa-30-10119775-n	obrero ferroviario
spa-30-10119874-n	jefe de equipo
spa-30-10119874-n	jefe de obras
spa-30-10119874-n	jefe de trabajo
spa-30-10120085-n	gangster
spa-30-10120085-n	gángster
spa-30-10120085-n	gánster
spa-30-10120085-n	mafioso
spa-30-10120085-n	pandillero
spa-30-10120085-n	pistolero
spa-30-10120330-n	basurero
spa-30-10120671-n	jardinero
spa-30-10120816-n	garmentmaker
spa-30-10121595-n	fontanero
spa-30-10121595-n	gasista
spa-30-10121595-n	técnico del gas
spa-30-10121714-n	gasista
spa-30-10121714-n	hombre del gas
spa-30-10121800-n	gastroenterólogo
spa-30-10122441-n	gaucho
spa-30-10122765-n	gacetillero
spa-30-10123122-n	gendarme
spa-30-10123615-n	friki
spa-30-10123844-n	general
spa-30-10125561-n	superior general
spa-30-10125697-n	gerente
spa-30-10125786-n	general
spa-30-10125786-n	oficial general
spa-30-10126009-n	médico de cabecera
spa-30-10126009-n	médico de familia
spa-30-10126009-n	médico generalista
spa-30-10126424-n	geneticista
spa-30-10126424-n	genético
spa-30-10126424-n	genetista
spa-30-10127555-n	geógrafa
spa-30-10127555-n	geógrafo
spa-30-10127689-n	geofísico
spa-30-10127689-n	geólogo
spa-30-10128016-n	geómetra
spa-30-10128163-n	profesor de geometría
spa-30-10128381-n	geriatra
spa-30-10128381-n	gerontólogo
spa-30-10128519-n	geofísico
spa-30-10128748-n	escritor fantasma
spa-30-10128748-n	negro
spa-30-10131815-n	bestiario
spa-30-10131815-n	gladiador
spa-30-10132035-n	soplador
spa-30-10132035-n	soplador de vidrio
spa-30-10132145-n	cristalero
spa-30-10132145-n	glazer
spa-30-10132145-n	vidriero
spa-30-10132422-n	cristalero
spa-30-10132422-n	fabricante de vidrio
spa-30-10132422-n	vidriero
spa-30-10133644-n	agente del gobierno
spa-30-10133850-n	agente del FBI
spa-30-10134001-n	arquero
spa-30-10134001-n	golero
spa-30-10134001-n	guardameta
spa-30-10134001-n	guardavalla
spa-30-10134001-n	portero
spa-30-10134178-n	cabrerizo
spa-30-10134178-n	cabrero
spa-30-10134178-n	guardacabras
spa-30-10135197-n	gofer
spa-30-10136463-n	buscador de oro
spa-30-10136463-n	excavadora de oro
spa-30-10136463-n	excavador de oro
spa-30-10136615-n	orfebre
spa-30-10137367-n	jugador de golf profesional
spa-30-10137825-n	gondolero
spa-30-10137825-n	gondoliere
spa-30-10139651-n	gacetillero
spa-30-10139944-n	novela gótica
spa-30-10140169-n	aya
spa-30-10140169-n	gobernanta
spa-30-10140169-n	institutor
spa-30-10140169-n	institutriz
spa-30-10140169-n	norsa
spa-30-10140169-n	nurse
spa-30-10141364-n	gramático
spa-30-10142537-n	gran inquisidor
spa-30-10142537-n	inquisidor general
spa-30-10144188-n	grafólogo
spa-30-10144468-n	enterrador
spa-30-10144468-n	panteonero
spa-30-10144468-n	sepulturero
spa-30-10144571-n	gul
spa-30-10144571-n	ladrón de cadáveres
spa-30-10144730-n	ladrón de tumbas
spa-30-10144730-n	profanador de tumbas
spa-30-10144962-n	pastor
spa-30-10146559-n	frutero
spa-30-10146559-n	verdulero
spa-30-10146816-n	granadero
spa-30-10147710-n	abacero
spa-30-10147710-n	lonjista
spa-30-10147710-n	tendero
spa-30-10147710-n	verdulero
spa-30-10148663-n	groundsman
spa-30-10148825-n	capitán de grupo
spa-30-10149867-n	carcelero
spa-30-10149867-n	funcionario de prisiones
spa-30-10149867-n	guardia de prisión
spa-30-10149867-n	tornillo
spa-30-10150071-n	guarda
spa-30-10150071-n	guardia
spa-30-10151367-n	gastarbeiter
spa-30-10151367-n	trabajador invitado
spa-30-10151760-n	guitarra
spa-30-10151760-n	guitarrero
spa-30-10151760-n	guitarrista
spa-30-10152083-n	asesino a sueldo
spa-30-10152083-n	asesino profesional
spa-30-10152083-n	pistolero
spa-30-10152083-n	sicario
spa-30-10152440-n	traficante de armas
spa-30-10152528-n	armero
spa-30-10152528-n	escopetero
spa-30-10154013-n	ginecólogo
spa-30-10154740-n	escritor a sueldo
spa-30-10155692-n	hagiógrafo
spa-30-10155692-n	hagiographist
spa-30-10155692-n	hagiologist
spa-30-10155849-n	estilista
spa-30-10155849-n	peluquero
spa-30-10158010-n	actor aficionado
spa-30-10158010-n	aficionado
spa-30-10159045-n	amaestrador
spa-30-10159186-n	azafata
spa-30-10159186-n	criada
spa-30-10159289-n	handyman
spa-30-10159289-n	manitas
spa-30-10159434-n	colgador
spa-30-10159615-n	ahorcado
spa-30-10159615-n	verdugo
spa-30-10160280-n	arlequin
spa-30-10160280-n	arlequín
spa-30-10160770-n	arpista
spa-30-10160770-n	harper
spa-30-10160913-n	arponero
spa-30-10161047-n	clavecinista
spa-30-10161047-n	clavicordio
spa-30-10161363-n	agavillador
spa-30-10161363-n	cosechador
spa-30-10161363-n	cosechero
spa-30-10161363-n	segador
spa-30-10162016-n	sicario
spa-30-10162354-n	modista
spa-30-10162354-n	sombrerera
spa-30-10162354-n	sombrerero
spa-30-10162507-n	contratista de transportes
spa-30-10162507-n	transportista
spa-30-10162991-n	cabeza
spa-30-10162991-n	jefe
spa-30-10162991-n	líder
spa-30-10162991-n	responsable
spa-30-10163593-n	cazacerebros
spa-30-10163593-n	cazador de cabezas
spa-30-10163593-n	cazaejecutivos
spa-30-10163593-n	cazatalentos
spa-30-10164233-n	director
spa-30-10164233-n	director de escuela
spa-30-10164397-n	directora
spa-30-10164605-n	patriarca
spa-30-10165109-n	profesional de la salud
spa-30-10165109-n	profesional sanitario
spa-30-10165109-n	sanitario
spa-30-10166313-n	ídolo
spa-30-10167042-n	peso pesado
spa-30-10167740-n	podador
spa-30-10169796-n	timonel
spa-30-10170060-n	contratación
spa-30-10170172-n	contrata
spa-30-10170681-n	hematólogo
spa-30-10171456-n	herbolaria
spa-30-10171456-n	herbolario
spa-30-10171567-n	arriero
spa-30-10171567-n	pastor
spa-30-10172668-n	herpetólogo
spa-30-10174148-n	cortador
spa-30-10174445-n	alto comisario
spa-30-10174845-n	highlander
spa-30-10176679-n	bracero
spa-30-10176679-n	hombre contratado
spa-30-10176679-n	jornalero
spa-30-10176679-n	mano de obra
spa-30-10176913-n	alquiladizo
spa-30-10176913-n	mercenario
spa-30-10179527-n	peón
spa-30-10179527-n	peón de albañil
spa-30-10179527-n	peón de mano
spa-30-10181656-n	constructor de casas
spa-30-10182402-n	homeópata
spa-30-10183931-n	guardia de honor
spa-30-10184403-n	bailarín profesional
spa-30-10186216-n	caballerango
spa-30-10186350-n	horticultor
spa-30-10186578-n	calcetero
spa-30-10186686-n	capellán de hospital
spa-30-10186774-n	anfitrión
spa-30-10186774-n	fondista
spa-30-10186774-n	hospedero
spa-30-10186774-n	hostelero
spa-30-10186774-n	mesonero
spa-30-10186774-n	patrón de posada
spa-30-10186774-n	posadero
spa-30-10186774-n	ventero
spa-30-10187842-n	guardia de seguridad
spa-30-10187990-n	administrador de hotel
spa-30-10187990-n	hostelero
spa-30-10187990-n	hotelero
spa-30-10187990-n	hotelman
spa-30-10188715-n	ama de llaves
spa-30-10188715-n	casera
spa-30-10188715-n	gobernanta
spa-30-10189278-n	médico residente
spa-30-10189278-n	residente
spa-30-10189975-n	rompehogares
spa-30-10190122-n	delegado de vivienda
spa-30-10190516-n	buhonero
spa-30-10190516-n	mercachifle
spa-30-10190516-n	revendedor
spa-30-10191943-n	humorista
spa-30-10193026-n	cazador
spa-30-10193650-n	cazadora
spa-30-10194341-n	húsar
spa-30-10194775-n	hidrólogo
spa-30-10194969-n	higienista
spa-30-10196404-n	heladero
spa-30-10196404-n	hielero
spa-30-10196404-n	vendedor de helados
spa-30-10196617-n	ictiólogo
spa-30-10199902-n	inmunólogo
spa-30-10201366-n	importador
spa-30-10202624-n	encargado
spa-30-10202624-n	funcionario
spa-30-10202624-n	titular
spa-30-10203016-n	indizador
spa-30-10203135-n	agente indígena
spa-30-10203135-n	agente indio
spa-30-10203298-n	jefe indio
spa-30-10204177-n	industrial
spa-30-10204921-n	infante
spa-30-10204921-n	peón
spa-30-10204921-n	soldado de infantería
spa-30-10206173-n	confidente
spa-30-10206173-n	delator
spa-30-10206173-n	informador
spa-30-10208189-n	agente de investigación
spa-30-10208432-n	inquisidor
spa-30-10208950-n	inspector general
spa-30-10209539-n	instructora
spa-30-10209731-n	agente de seguros
spa-30-10210648-n	decorador
spa-30-10210648-n	decorador de interiores
spa-30-10210648-n	diseñador
spa-30-10210648-n	diseñador de interiores
spa-30-10210648-n	interiorista
spa-30-10211036-n	interlocutor
spa-30-10211203-n	houseman
spa-30-10211203-n	interne
spa-30-10211203-n	interno
spa-30-10212231-n	internista
spa-30-10212338-n	internuncio
spa-30-10213034-n	interventor
spa-30-10215815-n	asesor de inversiones
spa-30-10215953-n	asegurador
spa-30-10216690-n	ferretero
spa-30-10216690-n	hardwareman
spa-30-10216928-n	herrero
spa-30-10217831-n	itinerante
spa-30-10219380-n	jenízaro
spa-30-10219577-n	bedel
spa-30-10219577-n	casero
spa-30-10219577-n	conserje
spa-30-10220228-n	jawan
spa-30-10220486-n	jazzman
spa-30-10220486-n	músico de jazz
spa-30-10221162-n	chapucero
spa-30-10221162-n	tapagujeros
spa-30-10221312-n	bufón
spa-30-10221777-n	joyero
spa-30-10221956-n	fabricante de joyas
spa-30-10221956-n	joyero
spa-30-10222497-n	mayorista
spa-30-10223177-n	jinete
spa-30-10223177-n	jockey
spa-30-10223177-n	yóquey
spa-30-10223177-n	yoqui
spa-30-10223869-n	carpintero
spa-30-10224098-n	bromista
spa-30-10224098-n	bufón
spa-30-10224098-n	chistoso
spa-30-10224098-n	cuentachistes
spa-30-10224098-n	hazmerreír
spa-30-10224098-n	humorista
spa-30-10224578-n	periodista
spa-30-10225219-n	árbitro
spa-30-10225219-n	juez
spa-30-10225219-n	jueza
spa-30-10225219-n	magistrado
spa-30-10225219-n	togado
spa-30-10225931-n	auditor de guerra
spa-30-10226413-n	juglar
spa-30-10226413-n	malabarista
spa-30-10226413-n	saltimbanqui
spa-30-10228468-n	juez de paz
spa-30-10228712-n	kachina
spa-30-10229193-n	kamikaze
spa-30-10229883-n	tecladista
spa-30-10229883-n	teclista
spa-30-10230801-n	capturador
spa-30-10230801-n	raptor
spa-30-10230801-n	raptora
spa-30-10230801-n	secuestrador
spa-30-10230801-n	secuestradora
spa-30-10237464-n	asistente de cocina
spa-30-10238127-n	desguazador
spa-30-10241024-n	doula
spa-30-10241024-n	monitrice
spa-30-10241300-n	mano de obra
spa-30-10241300-n	obrero
spa-30-10241300-n	peón
spa-30-10242573-n	lacayo
spa-30-10243483-n	doncella
spa-30-10243664-n	lama
spa-30-10244359-n	encendedor
spa-30-10244359-n	farolero
spa-30-10244818-n	lancero
spa-30-10245236-n	ama
spa-30-10245236-n	arrendador
spa-30-10245236-n	casera
spa-30-10245236-n	casero
spa-30-10245236-n	dueña
spa-30-10245236-n	dueño
spa-30-10245236-n	patrona
spa-30-10245236-n	propietaria
spa-30-10245236-n	propietario
spa-30-10245236-n	terrateniente
spa-30-10245863-n	paisajista
spa-30-10246511-n	lapidario
spa-30-10246703-n	lapidario
spa-30-10246703-n	lapidarist
spa-30-10247176-n	lascar
spa-30-10247800-n	tornerno
spa-30-10247800-n	tornero
spa-30-10249950-n	abogada
spa-30-10249950-n	abogado
spa-30-10249950-n	defensor
spa-30-10249950-n	jurista
spa-30-10249950-n	letrada
spa-30-10249950-n	letrado
spa-30-10249950-n	notario
spa-30-10249950-n	picapleitos
spa-30-10251417-n	primera actriz
spa-30-10251517-n	galán
spa-30-10251517-n	protagonista
spa-30-10252222-n	docente
spa-30-10252222-n	lector
spa-30-10252222-n	lectora
spa-30-10252547-n	conferenciante
spa-30-10252547-n	conferencista
spa-30-10252547-n	docente
spa-30-10253703-n	legionario
spa-30-10253995-n	legislador
spa-30-10253995-n	legisladora
spa-30-10254392-n	prestador
spa-30-10254392-n	prestamista
spa-30-10254761-n	lepidopterologist
spa-30-10254761-n	lepidopterólogo
spa-30-10256080-n	lexicógrafo
spa-30-10257948-n	bibliotecario
spa-30-10258152-n	libretista
spa-30-10258304-n	infermera practicante
spa-30-10258602-n	ente certificador
spa-30-10259016-n	cantante de lieder
spa-30-10259348-n	teniente
spa-30-10259527-n	teniente
spa-30-10259780-n	teniente coronel
spa-30-10259997-n	capitán de corbeta
spa-30-10259997-n	teniente comandante
spa-30-10260166-n	teniente general
spa-30-10260800-n	bañero
spa-30-10260800-n	guardavidas
spa-30-10260800-n	salvavidas
spa-30-10260800-n	socorrista
spa-30-10261388-n	gabarrero
spa-30-10262093-n	farero
spa-30-10262093-n	guardafaro
spa-30-10262093-n	torrero
spa-30-10262445-n	peso ligero
spa-30-10263684-n	chatarrero
spa-30-10263931-n	juez de línea
spa-30-10263931-n	linier
spa-30-10264437-n	científico lingüista
spa-30-10264437-n	lingüista
spa-30-10264928-n	linkboy
spa-30-10264928-n	linkman
spa-30-10265200-n	cazador de leones
spa-30-10265891-n	alistador
spa-30-10266016-n	crítico literario
spa-30-10266486-n	litógrafo
spa-30-10266848-n	litigante
spa-30-10268422-n	caballerizo
spa-30-10268629-n	cabildero
spa-30-10269078-n	controlador de esclusa
spa-30-10269078-n	controlador de escusa
spa-30-10269199-n	cerrajero
spa-30-10269289-n	interino
spa-30-10269289-n	locum tenens
spa-30-10271216-n	centinela
spa-30-10271216-n	guarda
spa-30-10271216-n	guardia
spa-30-10271216-n	sentinel
spa-30-10271216-n	vigilante
spa-30-10275676-n	ludista
spa-30-10276045-n	hachador
spa-30-10276045-n	leñador
spa-30-10276045-n	leñadora
spa-30-10276045-n	maderero
spa-30-10276045-n	trabajador forestal
spa-30-10277509-n	luthier
spa-30-10277638-n	laudista
spa-30-10277638-n	tañedor de laúd
spa-30-10277912-n	letrista
spa-30-10278456-n	macebearer
spa-30-10278456-n	macer
spa-30-10278456-n	macero
spa-30-10279018-n	maquinista
spa-30-10279018-n	mecánico
spa-30-10279018-n	mecánico de taller
spa-30-10279018-n	operario
spa-30-10279669-n	madama
spa-30-10279867-n	madrigalista
spa-30-10280674-n	ilusionista
spa-30-10280674-n	mago
spa-30-10280674-n	prestidigitador
spa-30-10280674-n	prestidigitadora
spa-30-10280945-n	juez
spa-30-10280945-n	juez de paz
spa-30-10280945-n	magistrado
spa-30-10282374-n	cornaca
spa-30-10282374-n	mahout
spa-30-10282672-n	ama
spa-30-10282672-n	asistenta
spa-30-10282672-n	chacha
spa-30-10282672-n	cholera
spa-30-10282672-n	chopa
spa-30-10282672-n	criada
spa-30-10282672-n	doméstica
spa-30-10282672-n	doncella
spa-30-10282672-n	doncella doméstica
spa-30-10282672-n	gata
spa-30-10282672-n	moza
spa-30-10282672-n	nacha
spa-30-10282672-n	sirvienta
spa-30-10283037-n	cartero
spa-30-10283037-n	correo
spa-30-10283170-n	comandante
spa-30-10283170-n	mayor
spa-30-10283546-n	mayordomo
spa-30-10283546-n	senescal
spa-30-10283663-n	mariscal
spa-30-10286855-n	fabricante de malta
spa-30-10286855-n	maltman
spa-30-10289462-n	directora
spa-30-10289462-n	jefa
spa-30-10289766-n	mandarin
spa-30-10290919-n	manicura
spa-30-10290919-n	manicurista
spa-30-10290919-n	manicuro
spa-30-10291240-n	maniquí
spa-30-10291240-n	modelo
spa-30-10292192-n	servidor
spa-30-10292316-n	fabricante
spa-30-10292316-n	industrial
spa-30-10292316-n	productor
spa-30-10294139-n	marine
spa-30-10294139-n	marino
spa-30-10294318-n	marino
spa-30-10294421-n	ingeniero naval
spa-30-10294602-n	lobo de mar
spa-30-10294602-n	marinera
spa-30-10294602-n	marinero
spa-30-10294602-n	marino
spa-30-10294602-n	navegante
spa-30-10295951-n	alguacil
spa-30-10295951-n	mariscal
spa-30-10295951-n	marshal
spa-30-10295951-n	marshall
spa-30-10296176-n	mariscal
spa-30-10297531-n	alarife
spa-30-10297531-n	albañil
spa-30-10297531-n	cantero
spa-30-10297531-n	picapedrero
spa-30-10298912-n	capitán
spa-30-10298912-n	capitana
spa-30-10298912-n	patrón
spa-30-10298912-n	patrona
spa-30-10299250-n	conductor
spa-30-10299250-n	maestro de ceremonias
spa-30-10299250-n	presentador
spa-30-10300041-n	primer oficial
spa-30-10300041-n	segundo
spa-30-10302446-n	profesor de matemáticas
spa-30-10302576-n	materfamilias
spa-30-10302576-n	matriarca
spa-30-10303186-n	enfermera jefe
spa-30-10304783-n	mecanista
spa-30-10305523-n	practicante
spa-30-10305635-n	médico
spa-30-10305635-n	oficial médico
spa-30-10305802-n	profesional de la medicina
spa-30-10308732-n	remalladora
spa-30-10308732-n	remendón
spa-30-10308732-n	reparador
spa-30-10308938-n	burro de carga
spa-30-10308938-n	cenicienta
spa-30-10308938-n	ceniciento
spa-30-10308938-n	ganapán
spa-30-10308938-n	lacayo
spa-30-10308938-n	machaca
spa-30-10308938-n	mandado
spa-30-10308938-n	sirviente
spa-30-10309614-n	mercenario
spa-30-10309614-n	soldado de fortuna
spa-30-10309785-n	comerciante de textiles
spa-30-10309785-n	mercero
spa-30-10309896-n	comerciante
spa-30-10309896-n	mercader
spa-30-10309896-n	negociante
spa-30-10312077-n	ingeniero metalúrgico
spa-30-10312077-n	metalúrgico
spa-30-10312077-n	metalurgista
spa-30-10312287-n	meteorólogo
spa-30-10313239-n	metropolitano
spa-30-10313441-n	mezzo
spa-30-10313441-n	mezzo-soprano
spa-30-10313441-n	mezzosoprano
spa-30-10313580-n	microbióloga
spa-30-10313580-n	microbiólogo
spa-30-10314627-n	vendedora parisina
spa-30-10314836-n	comadre
spa-30-10314836-n	comadrona
spa-30-10314836-n	matrona
spa-30-10314836-n	partera
spa-30-10314836-n	partero
spa-30-10316360-n	agregado militar
spa-30-10316527-n	capellán militar
spa-30-10316527-n	padre
spa-30-10317007-n	oficial
spa-30-10317500-n	peme
spa-30-10317500-n	policía militar
spa-30-10317717-n	miliciano
spa-30-10317884-n	lechero
spa-30-10317884-n	repartidor de leche
spa-30-10318087-n	molinero
spa-30-10318193-n	molinera
spa-30-10318293-n	operario
spa-30-10318892-n	mimer
spa-30-10318892-n	mimo
spa-30-10318892-n	pantomimer
spa-30-10318892-n	pantomimo
spa-30-10319580-n	telépata
spa-30-10319796-n	minera
spa-30-10319796-n	minero
spa-30-10319996-n	mineralogista
spa-30-10320484-n	ingeniero de minas
spa-30-10320695-n	ministro diplomático
spa-30-10320863-n	consejera
spa-30-10320863-n	consejero
spa-30-10320863-n	ministra
spa-30-10320863-n	ministro
spa-30-10321474-n	trobador
spa-30-10322957-n	evangelista
spa-30-10322957-n	evangelizador
spa-30-10322957-n	misionera
spa-30-10322957-n	misionero
spa-30-10324560-n	maniquí
spa-30-10324560-n	modelo
spa-30-10330931-n	moralista
spa-30-10331841-n	empresario de pompas fúnebres
spa-30-10331841-n	funeral director
spa-30-10333838-n	policía motorizado
spa-30-10334255-n	conductor de tranvia
spa-30-10334255-n	maquinista
spa-30-10334782-n	charlatán
spa-30-10334782-n	charlatan de feria
spa-30-10334782-n	embaucador
spa-30-10334782-n	sacamuelas
spa-30-10334782-n	saltabanco
spa-30-10334782-n	saltabancos
spa-30-10334782-n	saltimbanqui
spa-30-10335123-n	montador
spa-30-10335801-n	portavoz
spa-30-10335801-n	representante
spa-30-10336234-n	empleado de mudanzas
spa-30-10336234-n	empleados de mudanzas
spa-30-10336904-n	muffin man
spa-30-10336904-n	vendedor de muffins
spa-30-10338094-n	acemilero
spa-30-10338094-n	arriero
spa-30-10338094-n	harriero
spa-30-10338094-n	recuero
spa-30-10339350-n	forzudo
spa-30-10339350-n	gorila
spa-30-10339350-n	maton
spa-30-10339350-n	matón
spa-30-10339856-n	critico musical
spa-30-10339856-n	crítico musical
spa-30-10339966-n	músico
spa-30-10340312-n	instrumentista
spa-30-10340312-n	músico
spa-30-10341343-n	profesor de música
spa-30-10341446-n	mosquetero
spa-30-10343088-n	micólogo
spa-30-10343869-n	mitologista
spa-30-10343869-n	mitologo
spa-30-10343869-n	mitólogo
spa-30-10344203-n	chapuzas
spa-30-10345302-n	agente de narcóticos
spa-30-10345659-n	soplon
spa-30-10346514-n	naturalista
spa-30-10347110-n	naturista
spa-30-10347110-n	naturópata
spa-30-10347204-n	bailarina hindu
spa-30-10347204-n	bayadera
spa-30-10347446-n	comandante naval
spa-30-10347593-n	oficial de marina
spa-30-10347593-n	oficial naval
spa-30-10348365-n	navegante
spa-30-10353928-n	neurobiologia
spa-30-10353928-n	neurobiologo
spa-30-10354265-n	neurólogo
spa-30-10354754-n	neurocirujano
spa-30-10356213-n	newsvendor
spa-30-10356213-n	quiosquero
spa-30-10356213-n	vendedor de periódicos
spa-30-10356344-n	presentador
spa-30-10356344-n	presentador del noticiario
spa-30-10356344-n	presentador del noticiaro
spa-30-10356450-n	editor de un periódico
spa-30-10356450-n	editor jefe
spa-30-10356592-n	columnista
spa-30-10358032-n	portero de noche
spa-30-10358322-n	sereno
spa-30-10358322-n	vigilante nocturno
spa-30-10358889-n	ninja
spa-30-10360747-n	suboficial
spa-30-10363149-n	escribana
spa-30-10363149-n	escribano
spa-30-10363149-n	notaria
spa-30-10363149-n	notario
spa-30-10363360-n	alguien que notifica
spa-30-10363573-n	novelista
spa-30-10364502-n	radioquímica
spa-30-10364502-n	radioquímico
spa-30-10366966-n	enfermera
spa-30-10366966-n	enfermero
spa-30-10368113-n	nuncio
spa-30-10368113-n	nuncio apostólico
spa-30-10368920-n	boga
spa-30-10368920-n	bogador
spa-30-10368920-n	remador
spa-30-10368920-n	remero
spa-30-10369095-n	remera
spa-30-10369317-n	oboe
spa-30-10369317-n	oboista
spa-30-10369317-n	oboísta
spa-30-10369699-n	obstetra
spa-30-10369699-n	obstétrico
spa-30-10369699-n	tocoginecólogo
spa-30-10369699-n	tocólogo
spa-30-10370122-n	oceanógrafo
spa-30-10370881-n	escritor de odas
spa-30-10371221-n	titular encargado
spa-30-10371330-n	mandadero
spa-30-10371330-n	ordenanza
spa-30-10371450-n	funcionario
spa-30-10371450-n	oficial
spa-30-10371741-n	oficial
spa-30-10372373-n	funcionario
spa-30-10373525-n	oficial federal
spa-30-10373801-n	agente
spa-30-10373801-n	agente federal
spa-30-10374415-n	engrasador
spa-30-10374652-n	magnate del petróleo
spa-30-10377633-n	oncólogo
spa-30-10378290-n	estrella de ópera
spa-30-10379073-n	oculista
spa-30-10379073-n	oftalmóloga
spa-30-10379073-n	oftalmólogo
spa-30-10380000-n	óptica
spa-30-10380000-n	óptico
spa-30-10380305-n	oculista
spa-30-10380305-n	optómetra
spa-30-10380305-n	optometrista
spa-30-10381100-n	instrumentista
spa-30-10381804-n	asistente de hospital
spa-30-10381981-n	ordenanza
spa-30-10382710-n	organillera
spa-30-10382710-n	organillero
spa-30-10382825-n	organista
spa-30-10383237-n	organizador
spa-30-10383689-n	orientalista
spa-30-10384214-n	ornitólogo
spa-30-10384610-n	ortodoncista
spa-30-10385159-n	ortopédico
spa-30-10385159-n	ortopedista
spa-30-10385354-n	ortóptico
spa-30-10385455-n	osteólogo
spa-30-10385566-n	osteópata
spa-30-10387712-n	confeccionador
spa-30-10387712-n	confeccionista
spa-30-10388924-n	ama
spa-30-10388924-n	amo
spa-30-10388924-n	dueña
spa-30-10388924-n	dueño
spa-30-10388924-n	propietaria
spa-30-10388924-n	propietario
spa-30-10390427-n	embalador
spa-30-10390427-n	empaquetador
spa-30-10390427-n	envasador
spa-30-10390807-n	padrone
spa-30-10391086-n	paje de armas
spa-30-10391086-n	paje de lanzas
spa-30-10391416-n	doncel
spa-30-10391416-n	page
spa-30-10391416-n	paje
spa-30-10393909-n	pintor
spa-30-10394673-n	paleógrafo
spa-30-10394673-n	paleographist
spa-30-10394786-n	fossilist
spa-30-10394786-n	paleontólogo
spa-30-10395605-n	folletista
spa-30-10395605-n	panfletista
spa-30-10396337-n	mendigo
spa-30-10396727-n	paparazzo
spa-30-10396908-n	repartidor de periódicos
spa-30-10397001-n	empapelador
spa-30-10397886-n	paralegal
spa-30-10398176-n	paramédica
spa-30-10398176-n	paramedico
spa-30-10398176-n	paramédico
spa-30-10398806-n	parapsicólogo
spa-30-10398806-n	parasicólogo
spa-30-10399019-n	paraca
spa-30-10399019-n	paracaidista
spa-30-10399019-n	paracaidista militar
spa-30-10399895-n	manicurista
spa-30-10399895-n	manicuro
spa-30-10400998-n	parodista
spa-30-10402824-n	parte
spa-30-10404998-n	trabajador que pega
spa-30-10405320-n	pastelero
spa-30-10405320-n	repostero
spa-30-10406765-n	jefe de familia
spa-30-10406765-n	paterfamilias
spa-30-10406765-n	patriarca
spa-30-10408324-n	patrón
spa-30-10408324-n	patrona
spa-30-10409459-n	prestamista
spa-30-10410035-n	habilitado
spa-30-10410035-n	oficial pagador
spa-30-10410035-n	pagador
spa-30-10410531-n	pearler
spa-30-10410996-n	campesino
spa-30-10410996-n	labrador
spa-30-10411551-n	buhonero
spa-30-10411551-n	vendedor ambulante
spa-30-10414239-n	penalista
spa-30-10414239-n	penitenciarista
spa-30-10414239-n	penólogo
spa-30-10414507-n	cagatintas
spa-30-10414507-n	chupatintas
spa-30-10414507-n	tagarote
spa-30-10414507-n	tinterillo
spa-30-10415037-n	percusionista
spa-30-10415439-n	perfeccionador
spa-30-10415638-n	artista
spa-30-10415638-n	ejecutante
spa-30-10415638-n	intérprete
spa-30-10416270-n	perfumista
spa-30-10417843-n	persona grata
spa-30-10417969-n	persona non grata
spa-30-10420392-n	geólogo petrolero
spa-30-10420809-n	suboficial de marina
spa-30-10421470-n	apotecario
spa-30-10421470-n	boticario
spa-30-10421470-n	farmacéutica
spa-30-10421470-n	farmacéutico
spa-30-10421753-n	farmacóloga
spa-30-10421753-n	farmacólogo
spa-30-10423225-n	filólogo
spa-30-10423225-n	philologue
spa-30-10423589-n	filósofa
spa-30-10423589-n	filósofo
spa-30-10426454-n	fonetista
spa-30-10426630-n	fonólogo
spa-30-10426749-n	fotógrafa
spa-30-10426749-n	fotógrafo
spa-30-10426749-n	lensman
spa-30-10426749-n	retratista
spa-30-10427103-n	modelo de fotógrafia
spa-30-10427764-n	físicoterapeuta
spa-30-10427764-n	fisioterapeuta
spa-30-10428004-n	física
spa-30-10428004-n	físico
spa-30-10429965-n	fisióloga
spa-30-10429965-n	fisiólogo
spa-30-10430665-n	pianista
spa-30-10431224-n	profesor de piano
spa-30-10431514-n	arrancador
spa-30-10431514-n	recolector
spa-30-10431907-n	carterista
spa-30-10431907-n	cortabolsas
spa-30-10431907-n	ratero
spa-30-10431907-n	robacarteras
spa-30-10433164-n	piloto
spa-30-10433452-n	piloto
spa-30-10433737-n	alcahuete
spa-30-10433737-n	cafiche
spa-30-10433737-n	chulo
spa-30-10433737-n	golfo
spa-30-10433737-n	macarra
spa-30-10433737-n	ponce
spa-30-10433737-n	proxeneta
spa-30-10433737-n	proxenetismo
spa-30-10435041-n	flautista
spa-30-10435041-n	gaitera
spa-30-10435041-n	gaitero
spa-30-10435367-n	bucanero
spa-30-10435367-n	corsario
spa-30-10435367-n	filibustero
spa-30-10435367-n	pirata
spa-30-10437137-n	minero de dragado
spa-30-10437590-n	policía de paisano
spa-30-10437852-n	actor
spa-30-10437852-n	actora
spa-30-10437852-n	acusador
spa-30-10437852-n	acusadora
spa-30-10437852-n	demandante
spa-30-10437852-n	querellante
spa-30-10438619-n	colono
spa-30-10438619-n	hacendado
spa-30-10438619-n	terrateniente
spa-30-10438842-n	enlucidor
spa-30-10438842-n	yesero
spa-30-10439087-n	asentador de vías
spa-30-10439087-n	obrero de ferrocarriles
spa-30-10439087-n	trabajador del ferrocarril
spa-30-10439203-n	chapista
spa-30-10441124-n	ídolo
spa-30-10441962-n	ministro plenipotenciario
spa-30-10441962-n	plenipotenciario
spa-30-10442573-n	mapeador
spa-30-10442815-n	arador
spa-30-10442815-n	labrador
spa-30-10442923-n	forjador de arados
spa-30-10443032-n	fontanero
spa-30-10443032-n	lampista
spa-30-10443032-n	plomero
spa-30-10444194-n	poeta
spa-30-10444194-n	poetisa
spa-30-10444194-n	versificador
spa-30-10447255-n	poetisa
spa-30-10447359-n	poeta laureado
spa-30-10448065-n	ojeador
spa-30-10448670-n	polémica
spa-30-10448670-n	polemista
spa-30-10448834-n	comisionado de la policía
spa-30-10448834-n	jefe de policía
spa-30-10450161-n	politólogo
spa-30-10451590-n	encuestador
spa-30-10451590-n	headcounter
spa-30-10454972-n	chacinero
spa-30-10454972-n	charcutero
spa-30-10454972-n	tocinero
spa-30-10455094-n	comerciante de pornografía
spa-30-10455094-n	pornógrafo
spa-30-10455305-n	mozo
spa-30-10455305-n	mozo de ferrocarril
spa-30-10455447-n	changador
spa-30-10455447-n	changarín
spa-30-10455447-n	faquín
spa-30-10455447-n	fardero
spa-30-10455447-n	ganapán
spa-30-10455447-n	mozo de cordel
spa-30-10455447-n	mozo de cuerda
spa-30-10455447-n	mozo de esquina
spa-30-10455447-n	palanquín
spa-30-10455821-n	guardia del muelle
spa-30-10459116-n	empleado de correos
spa-30-10459116-n	empleado postal
spa-30-10459212-n	postillón
spa-30-10459575-n	administrador de correos
spa-30-10459575-n	jefe de correos
spa-30-10460806-n	alfarero
spa-30-10460806-n	cantarero
spa-30-10460806-n	ceramista
spa-30-10461060-n	gallinero
spa-30-10461060-n	pollero
spa-30-10461060-n	vendedor de pollos
spa-30-10462860-n	practicante
spa-30-10462860-n	práctico
spa-30-10463028-n	pretor
spa-30-10464178-n	predicador
spa-30-10464178-n	sermoniser
spa-30-10464542-n	preceptor
spa-30-10465128-n	prefecto
spa-30-10465831-n	presbítero
spa-30-10467179-n	presidenta
spa-30-10467179-n	presidente
spa-30-10467179-n	presidente de la república
spa-30-10468559-n	director
spa-30-10468559-n	directora
spa-30-10468559-n	presidenta
spa-30-10468559-n	presidente
spa-30-10468750-n	prexy
spa-30-10468750-n	rector
spa-30-10468962-n	moderador
spa-30-10468962-n	presidenta
spa-30-10468962-n	presidente
spa-30-10469874-n	fotógrafo de prensa
spa-30-10471640-n	primera bailarina
spa-30-10471732-n	diva
spa-30-10471732-n	prima dona
spa-30-10471732-n	primadona
spa-30-10471732-n	prima donna
spa-30-10471948-n	médico de atención primaria
spa-30-10474645-n	director
spa-30-10474645-n	directora
spa-30-10475297-n	impresor
spa-30-10475584-n	aprendiz de imprenta
spa-30-10475687-n	artista gráfico
spa-30-10475687-n	grafista
spa-30-10476467-n	soldado raso
spa-30-10476671-n	agente
spa-30-10476671-n	detective
spa-30-10476671-n	detective privado
spa-30-10476671-n	investigador privado
spa-30-10476928-n	corsario
spa-30-10477077-n	aspirante al título
spa-30-10477077-n	boxeador profesional
spa-30-10477077-n	gladiador
spa-30-10478462-n	procónsul
spa-30-10478827-n	proctólogo
spa-30-10479135-n	procurador
spa-30-10480018-n	productor
spa-30-10480253-n	profesional
spa-30-10480253-n	profesionista
spa-30-10480583-n	profesional
spa-30-10480730-n	catedrático
spa-30-10480730-n	profesor
spa-30-10480730-n	profesora
spa-30-10481561-n	proyeccionista
spa-30-10482414-n	apuntador
spa-30-10482587-n	promulgador
spa-30-10482768-n	corrector
spa-30-10482921-n	propagandista
spa-30-10483395-n	propman
spa-30-10484858-n	fiscal
spa-30-10484858-n	procurador
spa-30-10484858-n	procuradora
spa-30-10485298-n	explorador
spa-30-10485298-n	prospector
spa-30-10485440-n	alcahueta
spa-30-10485440-n	fulana
spa-30-10485440-n	golfa
spa-30-10485440-n	meretriz
spa-30-10485440-n	mujer pública
spa-30-10485440-n	prostituta
spa-30-10485440-n	puta
spa-30-10485440-n	ramera
spa-30-10485440-n	zorra
spa-30-10486236-n	protozoólogo
spa-30-10486468-n	preboste
spa-30-10487592-n	psefólogo
spa-30-10487592-n	psephologist
spa-30-10488016-n	loquero
spa-30-10488016-n	psiquiatra
spa-30-10488016-n	siquiatra
spa-30-10488865-n	psicóloga
spa-30-10488865-n	psicólogo
spa-30-10488865-n	sicóloga
spa-30-10488865-n	sicólogo
spa-30-10489426-n	psicofísico
spa-30-10489944-n	psicoterapeuta
spa-30-10489944-n	sicoterapeuta
spa-30-10490421-n	cantinero
spa-30-10490421-n	publicano
spa-30-10490421-n	tabernero
spa-30-10490557-n	abogado de oficio
spa-30-10490557-n	abogado de pobres
spa-30-10490699-n	publiciser
spa-30-10490699-n	publicista
spa-30-10490699-n	publicizer
spa-30-10491309-n	editor
spa-30-10491575-n	editor
spa-30-10493093-n	equivoquista
spa-30-10493685-n	guiñolista
spa-30-10493685-n	marionetista
spa-30-10493685-n	titiritero
spa-30-10493922-n	agente comercial
spa-30-10494643-n	sobrecargo
spa-30-10495299-n	proveedor
spa-30-10495555-n	camello
spa-30-10495555-n	narco
spa-30-10495555-n	narcotraficante
spa-30-10495555-n	traficante
spa-30-10497135-n	cadí
spa-30-10497135-n	quadi
spa-30-10497202-n	curandero
spa-30-10497775-n	cuestor
spa-30-10498551-n	cantero
spa-30-10498551-n	pedrero
spa-30-10498551-n	picapedrero
spa-30-10498986-n	furriel
spa-30-10498986-n	furrier
spa-30-10499110-n	intendente
spa-30-10503247-n	chantajista
spa-30-10503247-n	estafador
spa-30-10503247-n	timador
spa-30-10503710-n	locutor de radio
spa-30-10503818-n	radiobiologist
spa-30-10503965-n	radiógrafo
spa-30-10504090-n	radiólogo
spa-30-10504090-n	técnico radiológico
spa-30-10504090-n	técnico radiólogo
spa-30-10504206-n	radiólogo
spa-30-10504206-n	radioterapeuta
spa-30-10506417-n	ranchero
spa-30-10506544-n	ranchero
spa-30-10506544-n	vaquero
spa-30-10506762-n	chusquero
spa-30-10506915-n	chusquero
spa-30-10507565-n	ponente
spa-30-10507565-n	relator
spa-30-10508379-n	recluta nuevo
spa-30-10509063-n	profesor de lectura
spa-30-10509810-n	agente inmobiliario
spa-30-10509810-n	corredor de fincas
spa-30-10510245-n	contraalmirante
spa-30-10510245-n	contralmirante
spa-30-10511069-n	recepcionista
spa-30-10511649-n	concertista
spa-30-10512372-n	recluta
spa-30-10512562-n	reclutador
spa-30-10512708-n	reclutador
spa-30-10512859-n	sargento de reclutamiento
spa-30-10512859-n	sargento reclutador
spa-30-10513120-n	redactor
spa-30-10513120-n	refundidor
spa-30-10513120-n	revisor
spa-30-10513386-n	mozo de estación
spa-30-10514784-n	refinador
spa-30-10514962-n	restaurador
spa-30-10516874-n	grabador
spa-30-10516874-n	grabadora
spa-30-10516874-n	registrador
spa-30-10517032-n	registrador
spa-30-10517137-n	registrador
spa-30-10517743-n	regular
spa-30-10517826-n	regulador
spa-30-10519984-n	empleado de mudanzas
spa-30-10520964-n	rentista
spa-30-10521100-n	reparador
spa-30-10521662-n	newsperson
spa-30-10521662-n	periodista
spa-30-10521662-n	repórter
spa-30-10521662-n	reportero
spa-30-10523076-n	investigador
spa-30-10523341-n	reservista
spa-30-10524869-n	restaurador
spa-30-10525436-n	detallista
spa-30-10525436-n	menorista
spa-30-10525436-n	minorista
spa-30-10526633-n	revenuer
spa-30-10528023-n	reumatólogo
spa-30-10528493-n	poetiser
spa-30-10528493-n	poetizer
spa-30-10528493-n	versificador
spa-30-10529103-n	richard roe
spa-30-10530383-n	profesor de equitación
spa-30-10530571-n	escopetero
spa-30-10530571-n	riflero
spa-30-10531109-n	factótum
spa-30-10531109-n	mano derecha
spa-30-10531948-n	director de circo
spa-30-10533541-n	remachador
spa-30-10533681-n	constructor de carreteras
spa-30-10536416-n	estrella del rock
spa-30-10536416-n	estrella de rock
spa-30-10538272-n	constructor de tejados
spa-30-10538272-n	techador
spa-30-10538629-n	cordelero
spa-30-10539015-n	funámbulo
spa-30-10540735-n	repartidor
spa-30-10544480-n	cuatrero
spa-30-10544480-n	ladrón de ganado
spa-30-10544940-n	sagamore
spa-30-10545415-n	guarnicionera
spa-30-10545415-n	guarnicionero
spa-30-10545415-n	sillera
spa-30-10545415-n	sillero
spa-30-10546062-n	ladrón de cajas fuertes
spa-30-10546428-n	navegante
spa-30-10546561-n	fabricante de velas
spa-30-10546561-n	velero
spa-30-10546633-n	marinero
spa-30-10546633-n	tripulante
spa-30-10548227-n	comerciante
spa-30-10548227-n	dependiente
spa-30-10548227-n	empleado
spa-30-10548227-n	tendero
spa-30-10548227-n	vendedor
spa-30-10548419-n	dependienta
spa-30-10548419-n	vendedora
spa-30-10548537-n	vendedor
spa-30-10548681-n	comerciante
spa-30-10548681-n	dependiente
spa-30-10548681-n	vendedor
spa-30-10548976-n	dueño del saloon
spa-30-10550369-n	sangoma
spa-30-10550551-n	sanyasi
spa-30-10551576-n	zapador
spa-30-10551751-n	minador
spa-30-10551751-n	zapador
spa-30-10552742-n	panfletista
spa-30-10552742-n	satírico
spa-30-10554141-n	aserrador
spa-30-10554243-n	saxo
spa-30-10554243-n	saxofón
spa-30-10554243-n	saxofonista
spa-30-10554243-n	saxófono
spa-30-10554455-n	carnero
spa-30-10554455-n	esquirol
spa-30-10554455-n	rompe-huelga
spa-30-10554455-n	rompe-huelgas
spa-30-10554455-n	rompehuelgas
spa-30-10555936-n	escenarista
spa-30-10555936-n	guionista
spa-30-10556033-n	escenógrafo
spa-30-10556033-n	pintor de escena
spa-30-10556124-n	tramoyista
spa-30-10558896-n	escolástico
spa-30-10559840-n	maestra
spa-30-10559840-n	profesora
spa-30-10560247-n	director de escuela
spa-30-10560352-n	maestra
spa-30-10560352-n	maestro
spa-30-10560352-n	profesor
spa-30-10560352-n	profesora
spa-30-10560548-n	profesor de ciencias
spa-30-10560637-n	científica
spa-30-10560637-n	científico
spa-30-10562645-n	fregón
spa-30-10562645-n	fregona
spa-30-10562749-n	explorador
spa-30-10562749-n	guía
spa-30-10562968-n	cazatalentos
spa-30-10562968-n	ojeador
spa-30-10564224-n	guardia aeroportuario
spa-30-10564400-n	escritor de cine
spa-30-10564400-n	guionista
spa-30-10564660-n	pendolista
spa-30-10565951-n	marmitón
spa-30-10565951-n	pinche
spa-30-10567172-n	marinero polémico
spa-30-10567722-n	estacional
spa-30-10568083-n	padrino
spa-30-10568915-n	segundo de abordo
spa-30-10569011-n	alférez
spa-30-10569011-n	subteniente
spa-30-10569411-n	agente de inteligencia
spa-30-10569411-n	agente operativo
spa-30-10569411-n	agente secreto
spa-30-10569744-n	secretaria
spa-30-10569744-n	secretario
spa-30-10570019-n	secretaria
spa-30-10570019-n	secretario
spa-30-10570429-n	ministro de justicia
spa-30-10570704-n	ministro de agricultura
spa-30-10570961-n	ministro de comercio
spa-30-10571202-n	ministro de defensa
spa-30-10571435-n	ministro de educación
spa-30-10571670-n	ministro de energía
spa-30-10571907-n	ministro de sanidad
spa-30-10572469-n	ministro de trabajo
spa-30-10572706-n	secretario de estado
spa-30-10572889-n	ministro de interior
spa-30-10573129-n	ministro de hacienda
spa-30-10573349-n	ministro de transporte
spa-30-10573829-n	secretaria general
spa-30-10573829-n	secretario general
spa-30-10574958-n	jefe de seguridad
spa-30-10576513-n	seismologista
spa-30-10576513-n	seismologistus
spa-30-10576513-n	sismólogo
spa-30-10577284-n	comercial
spa-30-10577284-n	comerciante
spa-30-10577284-n	traficante
spa-30-10577284-n	tratante
spa-30-10577284-n	vendedor
spa-30-10577284-n	vendedora
spa-30-10577710-n	agente comercial
spa-30-10578349-n	semiprofesional
spa-30-10580772-n	sargento
spa-30-10581772-n	sericicultor
spa-30-10581772-n	sericultor
spa-30-10582032-n	inmunólogo
spa-30-10582154-n	criado
spa-30-10582154-n	servidor
spa-30-10582154-n	sirviente
spa-30-10582507-n	sirvienta
spa-30-10582746-n	militar
spa-30-10583250-n	servidor
spa-30-10583250-n	sirviente
spa-30-10583790-n	empleado de apuestas
spa-30-10584318-n	cosedor
spa-30-10584318-n	cosedora
spa-30-10584318-n	costurera
spa-30-10584318-n	costurero
spa-30-10585217-n	sacristán
spa-30-10586444-n	aparcero
spa-30-10586444-n	chacarero
spa-30-10587605-n	ovejero
spa-30-10587605-n	pastor
spa-30-10587605-n	pastora
spa-30-10587605-n	pastor de ovejas
spa-30-10587806-n	criador de ovejas
spa-30-10589066-n	pastora
spa-30-10589402-n	socio del apostador
spa-30-10589402-n	socio del estafador
spa-30-10589402-n	testaferro
spa-30-10589666-n	desguazador
spa-30-10589785-n	agente marítimo
spa-30-10589930-n	arquitecto naval
spa-30-10589930-n	constructor de buques
spa-30-10590339-n	exportador
spa-30-10590339-n	fletador
spa-30-10590452-n	agente marítimo
spa-30-10590764-n	calafate
spa-30-10590764-n	calafateador
spa-30-10590903-n	camisero
spa-30-10590903-n	fabricante de camisas
spa-30-10592049-n	dependienta
spa-30-10592152-n	comerciante
spa-30-10592152-n	tendera
spa-30-10592152-n	tendero
spa-30-10593618-n	excavador
spa-30-10593618-n	paleador
spa-30-10593745-n	productor
spa-30-10597091-n	guardavía
spa-30-10597642-n	rotulista
spa-30-10598749-n	platera
spa-30-10598749-n	platero
spa-30-10598749-n	silverworker
spa-30-10599806-n	cantante
spa-30-10599806-n	cantor
spa-30-10599806-n	cantora
spa-30-10599806-n	vocalista
spa-30-10605985-n	especialista
spa-30-10605985-n	trabajadora calificada
spa-30-10605985-n	trabajadora cualificada
spa-30-10605985-n	trabajador calificado
spa-30-10605985-n	trabajador cualificado
spa-30-10607933-n	fregona
spa-30-10608073-n	mozo de aeropuerto
spa-30-10609556-n	esclava
spa-30-10609556-n	esclavo
spa-30-10609871-n	negrero
spa-30-10609871-n	traficante de esclavos
spa-30-10609960-n	negrero
spa-30-10610201-n	esclavista
spa-30-10610201-n	negrero
spa-30-10610201-n	traficante de esclavos
spa-30-10611613-n	detective
spa-30-10611613-n	sabueso
spa-30-10612518-n	slop-seller
spa-30-10612518-n	slopseller
spa-30-10613052-n	pequeño empresario
spa-30-10613738-n	pequeño agricultor
spa-30-10614629-n	herrero
spa-30-10615334-n	contrabandista
spa-30-10615334-n	matutero
spa-30-10615334-n	metedor
spa-30-10615334-n	pasador
spa-30-10615334-n	traficante
spa-30-10615584-n	encantador de serpientes
spa-30-10616204-n	chorizo
spa-30-10616204-n	mangui
spa-30-10616204-n	quinqui
spa-30-10616204-n	randa
spa-30-10616204-n	ratero
spa-30-10618234-n	periodista del corazón
spa-30-10618465-n	antropólogo social
spa-30-10619888-n	secretario particular
spa-30-10620027-n	asistente social
spa-30-10620027-n	trabajador social
spa-30-10620437-n	sociobiólogo
spa-30-10620758-n	socióloga
spa-30-10620758-n	sociólogo
spa-30-10621294-n	dependiente de cafetería
spa-30-10621941-n	soldador
spa-30-10622053-n	soldado
spa-30-10623175-n	notario
spa-30-10623175-n	procurador de los tribunales
spa-30-10623533-n	fiscal general
spa-30-10623650-n	concertista
spa-30-10623650-n	solista
spa-30-10623806-n	camarero de vinos
spa-30-10623806-n	maitre de vinos
spa-30-10623806-n	somelier
spa-30-10623806-n	sumiller
spa-30-10624437-n	cantante
spa-30-10625000-n	sonetista
spa-30-10625546-n	soprano
spa-30-10625546-n	tiple
spa-30-10627714-n	colono
spa-30-10628368-n	johnny
spa-30-10629020-n	sembrador
spa-30-10631765-n	agente especial
spa-30-10631941-n	especialista
spa-30-10632576-n	especialista
spa-30-10634464-n	foniatra
spa-30-10634464-n	logopeda
spa-30-10634464-n	logoterapeuta
spa-30-10634464-n	ortofonista
spa-30-10636014-n	asesor de imagen
spa-30-10636014-n	spin doctor
spa-30-10636014-n	spinmeister
spa-30-10636340-n	hilandero
spa-30-10638385-n	intérprete
spa-30-10638385-n	portavoz
spa-30-10638385-n	representante
spa-30-10638385-n	voz
spa-30-10638813-n	cafiche
spa-30-10638813-n	gorrón
spa-30-10640084-n	cronista deportivo
spa-30-10640084-n	escritor deportivo
spa-30-10640084-n	periodista de deportes
spa-30-10641755-n	agente secreto
spa-30-10641755-n	espia
spa-30-10641755-n	espía
spa-30-10643937-n	escudero
spa-30-10644062-n	escudero
spa-30-10644301-n	mozo de cuadra
spa-30-10644301-n	mozo de establo
spa-30-10645223-n	director
spa-30-10645223-n	director de escena
spa-30-10645392-n	tramoyista
spa-30-10645611-n	regidor
spa-30-10646433-n	recechor
spa-30-10647359-n	filatélico
spa-30-10648696-n	estrella
spa-30-10648696-n	protagonista
spa-30-10649962-n	abogado del estado
spa-30-10652703-n	papelero
spa-30-10652837-n	jefe de estación
spa-30-10652954-n	actuario
spa-30-10652954-n	actuario de seguros
spa-30-10653238-n	estadístico
spa-30-10653679-n	trabajador del acero
spa-30-10654015-n	amanuense
spa-30-10654015-n	copista
spa-30-10654015-n	escribiente
spa-30-10654015-n	estenógrafo
spa-30-10654015-n	taquígrafo
spa-30-10654015-n	taquimecanógrafo
spa-30-10655169-n	arrumador
spa-30-10655169-n	cargador
spa-30-10655169-n	estiba
spa-30-10655169-n	estibador
spa-30-10655442-n	azafato
spa-30-10655594-n	aeromoza
spa-30-10655594-n	aeromozo
spa-30-10655594-n	auxiliar de vuelo
spa-30-10655594-n	azafata
spa-30-10655594-n	azafato
spa-30-10655594-n	sobrecargo
spa-30-10655730-n	administrador
spa-30-10655730-n	mozo
spa-30-10655875-n	aeromoza
spa-30-10655875-n	azafata
spa-30-10656969-n	estipendiario
spa-30-10657444-n	agente de bolsa
spa-30-10657444-n	bolsista
spa-30-10657444-n	corredor de bolsa
spa-30-10657556-n	agiotista
spa-30-10657556-n	bolsista
spa-30-10657835-n	distribuidor
spa-30-10658304-n	almacenista
spa-30-10658501-n	ganadero
spa-30-10659042-n	fogonero
spa-30-10659188-n	picapedrero
spa-30-10659294-n	cantero
spa-30-10659294-n	cincelador
spa-30-10659294-n	picapedrero
spa-30-10660128-n	guardia de seguridad
spa-30-10660128-n	vigilante
spa-30-10660621-n	piloto de combate
spa-30-10660883-n	comparsa
spa-30-10660883-n	payaso serio
spa-30-10661732-n	encargado
spa-30-10662046-n	encordador
spa-30-10662046-n	engarzador
spa-30-10662474-n	barredero
spa-30-10662474-n	barrendero
spa-30-10663315-n	buscona
spa-30-10663315-n	cantonera
spa-30-10663315-n	coima
spa-30-10663315-n	cualquiera
spa-30-10663315-n	fulana
spa-30-10663315-n	furcia
spa-30-10663315-n	gigoló
spa-30-10663315-n	golfa
spa-30-10663315-n	hetaira
spa-30-10663315-n	lumi
spa-30-10663315-n	meretriz
spa-30-10663315-n	mesalina
spa-30-10663315-n	mujer publica
spa-30-10663315-n	pelandusca
spa-30-10663315-n	pendón
spa-30-10663315-n	prostituta
spa-30-10663315-n	puta
spa-30-10663315-n	puta callejera
spa-30-10663315-n	puto
spa-30-10663315-n	rabiza
spa-30-10663315-n	ramera
spa-30-10663315-n	zorra
spa-30-10663549-n	camillero
spa-30-10664340-n	artista de striptease
spa-30-10664340-n	estriptista
spa-30-10664340-n	stripper
spa-30-10664340-n	striptease
spa-30-10664340-n	stripteaser
spa-30-10666846-n	doble
spa-30-10666846-n	stunt man
spa-30-10667709-n	alférez
spa-30-10667863-n	subcontratista
spa-30-10669357-n	submarinista
spa-30-10672192-n	peticionario
spa-30-10675346-n	sobrecargo
spa-30-10675721-n	administrador
spa-30-10675721-n	portero
spa-30-10675721-n	supervisor
spa-30-10675721-n	vigilante
spa-30-10676319-n	supermodelo
spa-30-10676569-n	comparsa
spa-30-10676569-n	extra
spa-30-10676569-n	figurante
spa-30-10676569-n	staffage
spa-30-10676569-n	supernumerario
spa-30-10676877-n	supervisor
spa-30-10677271-n	abastecedor
spa-30-10677271-n	aprovisionador
spa-30-10677271-n	asentista
spa-30-10677271-n	proveedor
spa-30-10677271-n	proveedora
spa-30-10677271-n	suministrador
spa-30-10678841-n	suprematista
spa-30-10679174-n	cirujana
spa-30-10679174-n	cirujano
spa-30-10679174-n	matasanos
spa-30-10679503-n	cirujano jefe
spa-30-10680609-n	agrimensor
spa-30-10680609-n	topógrafo
spa-30-10681557-n	provisioner
spa-30-10682169-n	swagman
spa-30-10682713-n	barrendero
spa-30-10683593-n	porquerizo
spa-30-10683593-n	porquero
spa-30-10684538-n	cambiavía
spa-30-10684538-n	guardagujas
spa-30-10686517-n	compositor de sinfonías
spa-30-10687516-n	administrador de sistemas
spa-30-10689564-n	modista
spa-30-10689564-n	modisto
spa-30-10689564-n	sartor
spa-30-10689564-n	sastra
spa-30-10689564-n	sastre
spa-30-10690002-n	agente artístico
spa-30-10690002-n	agente de talentos
spa-30-10690268-n	medidor
spa-30-10690538-n	domador
spa-30-10690648-n	tanquista
spa-30-10690742-n	curtidor
spa-30-10690742-n	zurrador
spa-30-10691148-n	bailarín de claqué
spa-30-10691764-n	bodeguero
spa-30-10691764-n	tapster
spa-30-10692269-n	capataz
spa-30-10692883-n	evaluador
spa-30-10692883-n	evaluadora
spa-30-10692883-n	tasador
spa-30-10692883-n	tasadora
spa-30-10693052-n	recaudador de impuestos
spa-30-10693235-n	autoridad impositiva
spa-30-10693459-n	taxidermista
spa-30-10693646-n	taxista
spa-30-10693824-n	taxonomer
spa-30-10694258-n	instructor
spa-30-10694258-n	maestra
spa-30-10694258-n	maestro
spa-30-10694258-n	monitor
spa-30-10694258-n	profesor
spa-30-10694258-n	profesora
spa-30-10694939-n	profesor asistente
spa-30-10695192-n	camionero
spa-30-10695192-n	transportista
spa-30-10695822-n	cardador
spa-30-10695917-n	techie
spa-30-10696251-n	técnico
spa-30-10697420-n	presentador de televisión
spa-30-10697420-n	telecaster
spa-30-10698064-n	telefonista
spa-30-10698368-n	periodista de televisión
spa-30-10698368-n	reportero de televisión
spa-30-10698550-n	estrella de televisión
spa-30-10698970-n	cajera
spa-30-10698970-n	cajero
spa-30-10698970-n	empleado de banco
spa-30-10699099-n	escrutador
spa-30-10699099-n	secretario
spa-30-10699415-n	eventual
spa-30-10699415-n	temp
spa-30-10699415-n	temporero
spa-30-10699415-n	trabajdor temporal
spa-30-10700105-n	trabajador
spa-30-10700840-n	colono
spa-30-10700840-n	inquilino
spa-30-10700840-n	masadero
spa-30-10700840-n	quintero
spa-30-10700840-n	rentero
spa-30-10701096-n	entrenador de tenis
spa-30-10701644-n	tenista profesional
spa-30-10701783-n	tenor
spa-30-10701962-n	tenorist
spa-30-10704098-n	piloto de pruebas
spa-30-10705211-n	techador
spa-30-10707233-n	curador
spa-30-10707233-n	curandero
spa-30-10707233-n	sanador
spa-30-10707233-n	terapeuta
spa-30-10707233-n	terapista
spa-30-10707804-n	caco
spa-30-10707804-n	ladrón
spa-30-10707804-n	mangante
spa-30-10710171-n	turiferario
spa-30-10710259-n	revisor
spa-30-10710913-n	baldosador
spa-30-10710913-n	embaldosador
spa-30-10710913-n	enbaldosador
spa-30-10711370-n	cronometrador
spa-30-10711852-n	calderero
spa-30-10712374-n	chapista
spa-30-10712374-n	estañero
spa-30-10712374-n	hojalatero
spa-30-10712374-n	lampista
spa-30-10712374-n	latero
spa-30-10712835-n	pronosticador
spa-30-10713686-n	anunciador de brindis
spa-30-10715347-n	fabricante de herramientas
spa-30-10716286-n	agraviador
spa-30-10716286-n	causante del daño
spa-30-10716286-n	injuriador
spa-30-10718349-n	cazaclientes
spa-30-10718349-n	espabilado
spa-30-10719036-n	secretario del ayuntamiento
spa-30-10719036-n	secretario municipal
spa-30-10719807-n	toxicóloga
spa-30-10719807-n	toxicólogo
spa-30-10719972-n	trazador
spa-30-10720097-n	rastreador
spa-30-10720453-n	comerciante
spa-30-10720453-n	distribuidor
spa-30-10720453-n	mercader
spa-30-10720453-n	monger
spa-30-10720453-n	tratante
spa-30-10720964-n	miembro del sindicato
spa-30-10720964-n	sindicalista
spa-30-10720964-n	unionista
spa-30-10721321-n	policía de tráfico
spa-30-10721612-n	actor trágico
spa-30-10721612-n	actriz trágica
spa-30-10721708-n	escritor de tragedias
spa-30-10721708-n	trágico
spa-30-10721819-n	actriz dramática
spa-30-10722758-n	empleado del ferrocarril
spa-30-10722758-n	ferroviario
spa-30-10726233-n	cepero
spa-30-10726233-n	trampero
spa-30-10726669-n	agente de viajes
spa-30-10726786-n	corredor
spa-30-10726786-n	representante comercial
spa-30-10726786-n	representante de ventas
spa-30-10726786-n	viajante
spa-30-10727818-n	arboricultor
spa-30-10728361-n	procurador
spa-30-10728523-n	juez procesal
spa-30-10728727-n	tribólogo
spa-30-10729442-n	trigonometrista
spa-30-10730262-n	triunviro
spa-30-10730416-n	trombón
spa-30-10730416-n	trombonista
spa-30-10731560-n	conciliador
spa-30-10731560-n	mediador
spa-30-10732010-n	trompeta
spa-30-10732010-n	trompetero
spa-30-10732010-n	trompetista
spa-30-10732212-n	trustbuster
spa-30-10732748-n	alforzador
spa-30-10733117-n	afinador
spa-30-10733117-n	afinador de pianos
spa-30-10733487-n	tornero
spa-30-10733891-n	locutor de tv
spa-30-10733891-n	presentador de televisión
spa-30-10734963-n	timbalero
spa-30-10735173-n	dactilógrafa
spa-30-10735173-n	dactilógrafo
spa-30-10735173-n	mecanógrafa
spa-30-10735173-n	mecanógrafo
spa-30-10735173-n	teclista
spa-30-10736788-n	subsecretaría
spa-30-10736788-n	subsecretario
spa-30-10737103-n	suplente
spa-30-10739391-n	soldado desconocido
spa-30-10740482-n	tapicero
spa-30-10741493-n	urólogo
spa-30-10741821-n	acomodador
spa-30-10741821-n	guía
spa-30-10742005-n	acomodadora
spa-30-10742111-n	portero
spa-30-10742111-n	ujier
spa-30-10742384-n	logrero
spa-30-10742384-n	prestamista
spa-30-10742384-n	usurera
spa-30-10742384-n	usurero
spa-30-10745332-n	ayuda de cámara
spa-30-10745332-n	hombre de confianza
spa-30-10745332-n	valet
spa-30-10745894-n	estimador
spa-30-10745894-n	tasador
spa-30-10746460-n	barnizador
spa-30-10746799-n	artista de vodevil
spa-30-10746799-n	vodevilista
spa-30-10747815-n	ventrílocuo
spa-30-10747965-n	capitalista de riesgo
spa-30-10748309-n	rapavelas
spa-30-10748309-n	sacristán
spa-30-10749353-n	excombatiente
spa-30-10749353-n	veterano
spa-30-10749715-n	albéitar
spa-30-10749715-n	veterinaria
spa-30-10749715-n	veterinario
spa-30-10750031-n	vicario
spa-30-10750524-n	vicario apostólico
spa-30-10750640-n	vicario general
spa-30-10750788-n	vicealmirante
spa-30-10750911-n	vicepresidente
spa-30-10751026-n	vicecanciller
spa-30-10751265-n	vicepresidente
spa-30-10753339-n	vigilante
spa-30-10754088-n	vinatero
spa-30-10754088-n	vinicultor
spa-30-10754189-n	bodeguero
spa-30-10754189-n	vinatero
spa-30-10754578-n	violín
spa-30-10754578-n	violinista
spa-30-10755394-n	viróloga
spa-30-10755394-n	virólogo
spa-30-10755512-n	virtuoso
spa-30-10757050-n	lector
spa-30-10757050-n	lectora
spa-30-10757050-n	profesora visitante
spa-30-10757050-n	profesor visitante
spa-30-10758121-n	viticultor
spa-30-10758445-n	visir
spa-30-10758713-n	voz
spa-30-10758949-n	afinador de órganos
spa-30-10759151-n	voluntario
spa-30-10759331-n	voluntario
spa-30-10761519-n	vulcaniser
spa-30-10761519-n	vulcanizador
spa-30-10762342-n	bromista
spa-30-10762342-n	chistoso
spa-30-10762607-n	carrero
spa-30-10762607-n	carretero
spa-30-10762607-n	tartanero
spa-30-10762693-n	fabricante de carros
spa-30-10763383-n	camarera
spa-30-10763383-n	camarero
spa-30-10763383-n	garzón
spa-30-10763383-n	mesera
spa-30-10763383-n	mesero
spa-30-10763620-n	camarera
spa-30-10763620-n	mesera
spa-30-10763985-n	sereno
spa-30-10763985-n	vigilante
spa-30-10764465-n	delegado sindical
spa-30-10764622-n	actor de reparto
spa-30-10764622-n	actor secundario
spa-30-10764622-n	actriz secundaria
spa-30-10764719-n	wallah
spa-30-10766492-n	cantor
spa-30-10767154-n	alcaide
spa-30-10767519-n	almacenador
spa-30-10767519-n	almacenero
spa-30-10767519-n	almacenista
spa-30-10767519-n	encargado del almacén
spa-30-10767519-n	guardalmacén
spa-30-10767837-n	caudillo
spa-30-10767837-n	señor de la guerra
spa-30-10768391-n	oficial de autorización
spa-30-10769084-n	lavandero
spa-30-10769188-n	lavandera
spa-30-10769905-n	horologer
spa-30-10769905-n	orologisto
spa-30-10769905-n	relojero
spa-30-10770059-n	celador
spa-30-10770059-n	guarda
spa-30-10770059-n	guarda de seguridad
spa-30-10770059-n	guardia
spa-30-10770059-n	guardián
spa-30-10770059-n	sereno
spa-30-10770059-n	velador
spa-30-10770059-n	vigilante
spa-30-10770767-n	regante
spa-30-10772092-n	hombre del tiempo
spa-30-10772092-n	meteorólogo
spa-30-10772190-n	tejedor
spa-30-10772289-n	webmaster
spa-30-10773040-n	doliente
spa-30-10773040-n	plañidera
spa-30-10773040-n	plañidero
spa-30-10773665-n	soldador
spa-30-10773901-n	peso wélter
spa-30-10775128-n	ballenero
spa-30-10775660-n	carretero
spa-30-10775660-n	ruedero
spa-30-10776887-n	azotador
spa-30-10776887-n	ojeador
spa-30-10778044-n	payasa cara blanca
spa-30-10778044-n	payaso cara blanca
spa-30-10781460-n	peluquero
spa-30-10783145-n	limpiacristales
spa-30-10783240-n	escaparatista
spa-30-10783352-n	limpiacristales
spa-30-10783352-n	limpiaventanas
spa-30-10783646-n	secaplatos
spa-30-10783734-n	guardalíneas
spa-30-10789963-n	tallista
spa-30-10789963-n	tallista en madera
spa-30-10790077-n	leñador
spa-30-10790192-n	carpintero
spa-30-10790596-n	comerciante de lanas
spa-30-10790918-n	literato
spa-30-10791115-n	empleada
spa-30-10791115-n	trabajadora
spa-30-10791221-n	contratada
spa-30-10791221-n	contratado
spa-30-10791221-n	currita
spa-30-10791221-n	currito
spa-30-10791221-n	obrera
spa-30-10791221-n	obrero
spa-30-10791820-n	asociado
spa-30-10791820-n	colega
spa-30-10791820-n	compañero de trabajo
spa-30-10792856-n	demoledor
spa-30-10792856-n	destructor
spa-30-10793570-n	artesana
spa-30-10793570-n	artesano
spa-30-10794014-n	autor
spa-30-10794014-n	autora
spa-30-10794014-n	escritor
spa-30-10794014-n	escritora
spa-30-10801697-n	xilofonista
spa-30-10801697-n	xylophonist
spa-30-10801802-n	yakuza
spa-30-10802043-n	yatista
spa-30-10802621-n	yardie
spa-30-10802953-n	trabajador del ferrocarril
spa-30-10803031-n	trainmaster
spa-30-10803031-n	yardmaster
spa-30-10804923-n	yuppie
spa-30-10806222-n	zoóloga
spa-30-10806222-n	zoólogo
spa-30-80000425-n	neumólogo
spa-30-80001115-n	hepatólogo
spa-30-80001204-n	anatomopatólogo
